,공항,년월,45kg,100kg,300kg,500kg,1톤,지역,국가명
0,Los_Angeles(LAX),2022-03,22.00,22.00,21.00,21.00,21.00,미주,미국
1,Los_Angeles(LAX),2022-02,20.00,20.00,19.00,19.00,19.00,미주,미국
2,Los_Angeles(LAX),2022-01,20.00,20.00,19.00,19.00,19.00,미주,미국
3,Los_Angeles(LAX),2021-12,22.000,22.000,21.000,21.000,21.000,미주,미국
4,Los_Angeles(LAX),2021-11,20.000,20.000,19.000,19.000,19.000,미주,미국
5,Los_Angeles(LAX),2021-10,20.000,20.000,19.000,19.000,19.000,미주,미국
6,Los_Angeles(LAX),2021-09,12.000,10.000,9.500,9.500,9.500,미주,미국
7,Los_Angeles(LAX),2021-08,12.000,10.000,9.500,9.500,9.500,미주,미국
8,Los_Angeles(LAX),2021-07,12.000,10.000,9.500,9.500,9.500,미주,미국
9,Los_Angeles(LAX),2021-06,12.00,10.00,9.50,9.50,9.50,미주,미국
10,Los_Angeles(LAX),2021-05,12.00,10.00,9.50,9.50,9.50,미주,미국
11,Los_Angeles(LAX),2021-04,12.00,10.00,9.50,9.50,9.50,미주,미국
12,Los_Angeles(LAX),2021-03,12.00,10.00,9.50,9.50,9.50,미주,미국
13,Los_Angeles(LAX),2021-02,12.00,10.00,9.50,9.50,9.50,미주,미국
14,Los_Angeles(LAX),2021-01,12.00,10.00,9.50,9.50,9.50,미주,미국
15,Los_Angeles(LAX),2020-12,12.00,10.00,9.50,9.50,9.50,미주,미국
16,Los_Angeles(LAX),2020-11,12.00,10.00,9.50,9.50,9.50,미주,미국
17,Los_Angeles(LAX),2020-10,10.82,9.49,9.16,9.16,9.16,미주,미국
18,Los_Angeles(LAX),2020-09,9.20,8.53,8.20,8.20,8.20,미주,미국
19,Los_Angeles(LAX),2020-08,9.90,9.02,8.20,8.00,8.00,미주,미국
20,Los_Angeles(LAX),2020-07,9.90,9.02,8.20,8.00,8.00,미주,미국
21,Los_Angeles(LAX),2020-06,9.90,9.02,8.20,8.00,8.00,미주,미국
22,Los_Angeles(LAX),2020-05,9.02,8.02,7.20,7.00,7.00,미주,미국
23,Los_Angeles(LAX),2020-04,9.02,8.02,7.20,7.00,7.00,미주,미국
24,Los_Angeles(LAX),2020-03,7.27,6.52,5.52,4.93,5.07,미주,미국
25,Los_Angeles(LAX),2020-02,5.39,4.89,4.20,3.78,3.84,미주,미국
26,Los_Angeles(LAX),2020-01,4.63,4.13,3.94,3.91,3.88,미주,미국
27,Los_Angeles(LAX),2019-12,4.69,4.19,4.00,3.97,3.94,미주,미국
28,Los_Angeles(LAX),2019-11,4.75,4.42,4.06,4.03,4.00,미주,미국
29,Los_Angeles(LAX),2019-10,4.45,4.12,3.76,3.73,3.70,미주,미국
30,Los_Angeles(LAX),2019-09,4.54,4.21,3.84,3.82,3.79,미주,미국
31,Los_Angeles(LAX),2019-08,4.41,4.07,3.71,3.69,3.66,미주,미국
32,Los_Angeles(LAX),2019-07,4.43,4.10,3.74,3.71,3.68,미주,미국
33,Los_Angeles(LAX),2019-06,4.43,3.93,3.83,3.80,3.78,미주,미국
34,Los_Angeles(LAX),2019-05,4.43,3.92,3.83,3.80,3.77,미주,미국
35,Los_Angeles(LAX),2019-04,4.73,4.22,4.06,4.03,4.00,미주,미국
36,Los_Angeles(LAX),2019-03,4.91,4.41,4.24,4.21,4.18,미주,미국
37,Los_Angeles(LAX),2019-02,4.92,4.41,4.25,4.22,4.19,미주,미국
38,Los_Angeles(LAX),2019-01,5.07,4.56,4.40,4.37,4.34,미주,미국
39,Los_Angeles(LAX),2018-12,5.09,4.59,4.42,4.39,4.36,미주,미국
40,Los_Angeles(LAX),2018-11,5.30,4.79,4.63,4.60,4.57,미주,미국
41,Los_Angeles(LAX),2018-10,5.23,4.72,4.56,4.53,4.50,미주,미국
42,Los_Angeles(LAX),2018-09,5.19,4.58,4.42,4.39,4.36,미주,미국
43,Los_Angeles(LAX),2018-08,4.75,4.34,4.19,4.16,4.13,미주,미국
44,Los_Angeles(LAX),2018-07,4.69,4.28,4.13,4.10,4.07,미주,미국
45,Los_Angeles(LAX),2018-06,4.72,4.31,4.15,4.12,4.09,미주,미국
46,Los_Angeles(LAX),2018-05,4.77,4.36,4.20,4.17,4.14,미주,미국
47,Los_Angeles(LAX),2018-04,4.77,4.36,4.20,4.17,4.14,미주,미국
48,Los_Angeles(LAX),2018-03,4.87,4.46,4.30,4.27,4.24,미주,미국
49,Los_Angeles(LAX),2018-02,4.98,4.57,4.41,4.38,4.35,미주,미국
50,Los_Angeles(LAX),2018-01,4.76,4.68,4.52,4.49,4.46,미주,미국
51,New_York(JFK),2022-03,18.00,19.00,19.00,19.00,19.00,미주,미국
52,New_York(JFK),2022-02,18.00,19.00,19.00,19.00,19.00,미주,미국
53,New_York(JFK),2022-01,18.00,19.00,19.00,19.00,19.00,미주,미국
54,New_York(JFK),2021-12,18.000,19.000,19.000,19.000,19.000,미주,미국
55,New_York(JFK),2021-11,18.000,19.000,19.000,19.000,19.000,미주,미국
56,New_York(JFK),2021-10,18.000,19.000,19.000,19.000,19.000,미주,미국
57,New_York(JFK),2021-09,13.000,10.500,10.000,10.000,10.000,미주,미국
58,New_York(JFK),2021-08,13.000,10.500,10.000,10.000,10.000,미주,미국
59,New_York(JFK),2021-07,13.000,10.500,10.000,10.000,10.000,미주,미국
60,New_York(JFK),2021-06,13.00,10.50,10.00,10.00,10.00,미주,미국
61,New_York(JFK),2021-05,13.00,10.50,10.00,10.00,10.00,미주,미국
62,New_York(JFK),2021-04,13.00,10.50,10.00,10.00,10.00,미주,미국
63,New_York(JFK),2021-03,13.00,12.00,11.50,11.50,11.50,미주,미국
64,New_York(JFK),2021-02,13.00,12.00,11.50,11.50,11.50,미주,미국
65,New_York(JFK),2021-01,13.00,12.00,11.50,11.50,11.50,미주,미국
66,New_York(JFK),2020-12,13.00,12.00,11.50,11.50,11.50,미주,미국
67,New_York(JFK),2020-11,13.00,12.00,11.50,11.50,11.50,미주,미국
68,New_York(JFK),2020-10,11.72,11.06,10.72,10.72,10.72,미주,미국
69,New_York(JFK),2020-09,9.10,8.43,8.10,8.10,8.10,미주,미국
70,New_York(JFK),2020-08,13.00,11.75,11.25,11.25,11.25,미주,미국
71,New_York(JFK),2020-07,13.00,11.75,11.25,11.25,11.25,미주,미국
72,New_York(JFK),2020-06,13.00,11.75,11.25,11.25,11.25,미주,미국
73,New_York(JFK),2020-05,11.75,10.75,10.25,10.25,10.25,미주,미국
74,New_York(JFK),2020-04,12.50,11.50,11.00,11.00,11.00,미주,미국
75,New_York(JFK),2020-03,6.27,5.62,5.27,5.27,5.27,미주,미국
76,New_York(JFK),2020-02,4.78,4.35,4.09,4.06,4.03,미주,미국
77,New_York(JFK),2020-01,4.83,4.40,4.13,4.11,4.08,미주,미국
78,New_York(JFK),2019-12,4.89,4.45,4.19,4.16,4.13,미주,미국
79,New_York(JFK),2019-11,4.98,4.54,4.28,4.25,4.22,미주,미국
80,New_York(JFK),2019-10,4.85,4.41,4.15,4.12,4.09,미주,미국
81,New_York(JFK),2019-09,4.96,4.53,4.26,4.24,4.21,미주,미국
82,New_York(JFK),2019-08,4.74,4.31,4.04,4.02,3.99,미주,미국
83,New_York(JFK),2019-07,4.77,4.33,4.07,4.04,4.02,미주,미국
84,New_York(JFK),2019-06,4.57,4.22,4.06,4.03,4.00,미주,미국
85,New_York(JFK),2019-05,4.57,4.22,4.05,4.03,4.00,미주,미국
86,New_York(JFK),2019-04,4.71,4.36,4.13,4.10,4.07,미주,미국
87,New_York(JFK),2019-03,5.04,4.69,4.46,4.43,4.40,미주,미국
88,New_York(JFK),2019-02,4.96,4.61,4.38,4.35,4.32,미주,미국
89,New_York(JFK),2019-01,4.96,4.61,4.38,4.35,4.32,미주,미국
90,New_York(JFK),2018-12,5.20,4.85,4.62,4.59,4.56,미주,미국
91,New_York(JFK),2018-11,5.22,4.87,4.64,4.61,4.58,미주,미국
92,New_York(JFK),2018-10,5.10,4.75,4.52,4.49,4.46,미주,미국
93,New_York(JFK),2018-09,4.93,4.58,4.35,4.32,4.30,미주,미국
94,New_York(JFK),2018-08,5.15,4.39,4.23,4.20,4.18,미주,미국
95,New_York(JFK),2018-07,5.14,4.39,4.23,4.20,4.17,미주,미국
96,New_York(JFK),2018-06,5.18,4.42,4.26,4.23,4.20,미주,미국
97,New_York(JFK),2018-05,5.17,4.42,4.26,4.23,4.20,미주,미국
98,New_York(JFK),2018-04,5.14,4.39,4.23,4.20,4.17,미주,미국
99,New_York(JFK),2018-03,5.28,4.52,4.36,4.33,4.30,미주,미국
100,New_York(JFK),2018-02,5.32,4.57,4.41,4.38,4.35,미주,미국
101,New_York(JFK),2018-01,5.13,4.71,4.55,4.52,4.49,미주,미국
102,Chicago(ORD),2022-03,17.00,17.00,17.00,17.00,17.00,미주,미국
103,Chicago(ORD),2022-02,17.00,17.00,17.00,17.00,17.00,미주,미국
104,Chicago(ORD),2022-01,17.00,17.00,17.00,17.00,17.00,미주,미국
105,Chicago(ORD),2021-12,17.000,17.000,17.000,17.000,17.000,미주,미국
106,Chicago(ORD),2021-11,17.000,17.000,17.000,17.000,17.000,미주,미국
107,Chicago(ORD),2021-10,17.000,17.000,17.000,17.000,17.000,미주,미국
108,Chicago(ORD),2021-09,10.500,10.500,10.400,10.350,10.350,미주,미국
109,Chicago(ORD),2021-08,10.500,10.500,10.400,10.350,10.350,미주,미국
110,Chicago(ORD),2021-07,10.500,10.500,10.400,10.350,10.350,미주,미국
111,Chicago(ORD),2021-06,14.00,10.50,10.40,10.35,10.35,미주,미국
112,Chicago(ORD),2021-05,14.00,10.50,10.40,10.35,10.35,미주,미국
113,Chicago(ORD),2021-04,14.00,10.50,10.40,10.35,10.35,미주,미국
114,Chicago(ORD),2021-03,14.00,10.50,10.40,10.35,10.35,미주,미국
115,Chicago(ORD),2021-02,14.00,10.50,10.40,10.35,10.35,미주,미국
116,Chicago(ORD),2021-01,14.00,10.50,10.40,10.35,10.35,미주,미국
117,Chicago(ORD),2020-12,14.00,10.50,10.40,10.35,10.35,미주,미국
118,Chicago(ORD),2020-11,14.00,10.50,10.40,10.35,10.35,미주,미국
119,Chicago(ORD),2020-10,13.36,11.24,11.17,11.14,11.14,미주,미국
120,Chicago(ORD),2020-09,8.53,8.02,7.95,7.92,7.92,미주,미국
121,Chicago(ORD),2020-08,8.30,7.65,7.35,7.10,7.10,미주,미국
122,Chicago(ORD),2020-07,8.30,7.65,7.35,7.10,7.10,미주,미국
123,Chicago(ORD),2020-06,8.30,7.65,7.35,7.10,7.10,미주,미국
124,Chicago(ORD),2020-05,6.65,6.65,6.35,6.10,6.10,미주,미국
125,Chicago(ORD),2020-04,6.65,6.65,6.35,6.10,6.10,미주,미국
126,Chicago(ORD),2020-03,5.22,5.22,5.12,5.07,5.07,미주,미국
127,Chicago(ORD),2020-02,4.08,4.08,3.99,3.93,3.90,미주,미국
128,Chicago(ORD),2020-01,3.85,3.85,3.69,3.62,3.60,미주,미국
129,Chicago(ORD),2019-12,3.91,3.91,3.74,3.68,3.65,미주,미국
130,Chicago(ORD),2019-11,3.97,3.97,3.80,3.74,3.71,미주,미국
131,Chicago(ORD),2019-10,3.81,3.81,3.65,3.58,3.56,미주,미국
132,Chicago(ORD),2019-09,3.89,3.89,3.73,3.67,3.64,미주,미국
133,Chicago(ORD),2019-08,3.70,3.70,3.54,3.48,3.45,미주,미국
134,Chicago(ORD),2019-07,3.84,3.84,3.68,3.62,3.59,미주,미국
135,Chicago(ORD),2019-06,4.08,4.08,3.94,3.90,3.86,미주,미국
136,Chicago(ORD),2019-05,4.21,4.21,4.07,4.02,3.98,미주,미국
137,Chicago(ORD),2019-04,4.23,4.23,4.08,4.04,4.00,미주,미국
138,Chicago(ORD),2019-03,4.68,4.68,4.54,4.49,4.45,미주,미국
139,Chicago(ORD),2019-02,4.56,4.56,4.42,4.37,4.33,미주,미국
140,Chicago(ORD),2019-01,4.70,4.70,4.55,4.51,4.46,미주,미국
141,Chicago(ORD),2018-12,4.69,4.69,4.55,4.50,4.46,미주,미국
142,Chicago(ORD),2018-11,4.99,4.99,4.85,4.80,4.76,미주,미국
143,Chicago(ORD),2018-10,4.94,4.94,4.79,4.75,4.71,미주,미국
144,Chicago(ORD),2018-09,4.97,4.97,4.82,4.78,4.73,미주,미국
145,Chicago(ORD),2018-08,5.21,4.58,4.42,4.39,4.36,미주,미국
146,Chicago(ORD),2018-07,5.11,4.49,4.33,4.30,4.27,미주,미국
147,Chicago(ORD),2018-06,5.15,4.52,4.36,4.33,4.30,미주,미국
148,Chicago(ORD),2018-05,5.20,4.58,4.42,4.39,4.36,미주,미국
149,Chicago(ORD),2018-04,5.17,4.55,4.39,4.36,4.33,미주,미국
150,Chicago(ORD),2018-03,5.28,4.65,4.49,4.46,4.43,미주,미국
151,Chicago(ORD),2018-02,5.32,4.70,4.54,4.51,4.48,미주,미국
152,Chicago(ORD),2018-01,5.07,4.78,4.62,4.59,4.56,미주,미국
153,San_Francisco(SFO),2022-03,20.50,18.00,17.50,17.50,17.50,미주,미국
154,San_Francisco(SFO),2022-02,20.50,17.00,16.50,16.50,16.50,미주,미국
155,San_Francisco(SFO),2022-01,20.50,17.00,16.50,16.50,16.50,미주,미국
156,San_Francisco(SFO),2021-12,20.500,18.000,17.500,17.500,17.500,미주,미국
157,San_Francisco(SFO),2021-11,20.500,17.000,16.500,16.500,16.500,미주,미국
158,San_Francisco(SFO),2021-10,20.500,17.000,16.500,16.500,16.500,미주,미국
159,San_Francisco(SFO),2021-09,12.500,12.000,11.500,11.500,11.500,미주,미국
160,San_Francisco(SFO),2021-08,12.500,12.000,11.500,11.500,11.500,미주,미국
161,San_Francisco(SFO),2021-07,12.500,12.000,11.500,11.500,11.500,미주,미국
162,San_Francisco(SFO),2021-06,12.50,12.00,11.50,11.50,11.50,미주,미국
163,San_Francisco(SFO),2021-05,12.50,12.00,11.50,11.50,11.50,미주,미국
164,San_Francisco(SFO),2021-04,12.50,12.00,11.50,11.50,11.50,미주,미국
165,San_Francisco(SFO),2021-03,11.50,11.00,10.50,10.50,10.50,미주,미국
166,San_Francisco(SFO),2021-02,11.50,11.00,10.50,10.50,10.50,미주,미국
167,San_Francisco(SFO),2021-01,11.50,11.00,10.50,10.50,10.50,미주,미국
168,San_Francisco(SFO),2020-12,11.50,11.00,10.50,10.50,10.50,미주,미국
169,San_Francisco(SFO),2020-11,11.50,11.00,10.50,10.50,10.50,미주,미국
170,San_Francisco(SFO),2020-10,10.16,9.82,9.49,9.49,9.49,미주,미국
171,San_Francisco(SFO),2020-09,9.71,9.37,9.04,9.04,9.04,미주,미국
172,San_Francisco(SFO),2020-08,9.55,8.45,7.80,7.60,7.60,미주,미국
173,San_Francisco(SFO),2020-07,9.55,8.45,7.80,7.60,7.60,미주,미국
174,San_Francisco(SFO),2020-06,9.55,8.45,7.80,7.60,7.60,미주,미국
175,San_Francisco(SFO),2020-05,8.55,7.45,6.80,6.60,6.60,미주,미국
176,San_Francisco(SFO),2020-04,8.55,7.45,6.80,6.60,6.60,미주,미국
177,San_Francisco(SFO),2020-03,6.87,6.37,5.87,5.87,5.87,미주,미국
178,San_Francisco(SFO),2020-02,5.21,4.88,4.52,4.49,4.46,미주,미국
179,San_Francisco(SFO),2020-01,4.72,4.39,4.02,4.00,3.97,미주,미국
180,San_Francisco(SFO),2019-12,4.83,4.50,4.14,4.11,4.08,미주,미국
181,San_Francisco(SFO),2019-11,4.78,4.45,4.09,4.06,4.03,미주,미국
182,San_Francisco(SFO),2019-10,4.65,4.32,3.96,3.93,3.90,미주,미국
183,San_Francisco(SFO),2019-09,4.68,4.35,3.99,3.96,3.93,미주,미국
184,San_Francisco(SFO),2019-08,4.57,4.24,3.88,3.85,3.82,미주,미국
185,San_Francisco(SFO),2019-07,4.63,4.30,3.93,3.91,3.88,미주,미국
186,San_Francisco(SFO),2019-06,3.60,3.60,3.56,3.52,3.47,미주,미국
187,San_Francisco(SFO),2019-05,3.77,3.77,3.72,3.68,3.64,미주,미국
188,San_Francisco(SFO),2019-04,3.96,3.96,3.81,3.77,3.73,미주,미국
189,San_Francisco(SFO),2019-03,4.32,4.32,4.18,4.13,4.09,미주,미국
190,San_Francisco(SFO),2019-02,4.20,4.20,4.06,4.01,3.97,미주,미국
191,San_Francisco(SFO),2019-01,4.42,4.42,4.28,4.23,4.19,미주,미국
192,San_Francisco(SFO),2018-12,4.46,4.46,4.32,4.27,4.23,미주,미국
193,San_Francisco(SFO),2018-11,4.77,4.77,4.62,4.58,4.53,미주,미국
194,San_Francisco(SFO),2018-10,4.62,4.62,4.48,4.44,4.39,미주,미국
195,San_Francisco(SFO),2018-09,4.47,4.47,4.33,4.28,4.24,미주,미국
196,San_Francisco(SFO),2018-08,4.87,4.43,4.27,4.24,4.21,미주,미국
197,San_Francisco(SFO),2018-07,4.84,4.40,4.24,4.21,4.18,미주,미국
198,San_Francisco(SFO),2018-06,4.87,4.43,4.27,4.24,4.21,미주,미국
199,San_Francisco(SFO),2018-05,4.95,4.51,4.36,4.33,4.29,미주,미국
200,San_Francisco(SFO),2018-04,4.92,4.48,4.33,4.30,4.26,미주,미국
201,San_Francisco(SFO),2018-03,4.93,4.49,4.33,4.30,4.27,미주,미국
202,San_Francisco(SFO),2018-02,4.89,4.45,4.29,4.26,4.23,미주,미국
203,San_Francisco(SFO),2018-01,4.57,4.46,4.30,4.27,4.24,미주,미국
204,Atlanta(ATL),2022-03,17.50,17.50,16.50,16.50,16.50,미주,미국
205,Atlanta(ATL),2022-02,16.00,16.00,15.00,15.00,15.00,미주,미국
206,Atlanta(ATL),2022-01,16.00,16.00,15.00,15.00,15.00,미주,미국
207,Atlanta(ATL),2021-12,17.500,17.500,16.500,16.500,16.500,미주,미국
208,Atlanta(ATL),2021-11,16.000,16.000,15.000,15.000,15.000,미주,미국
209,Atlanta(ATL),2021-10,16.000,16.000,15.000,15.000,15.000,미주,미국
210,Atlanta(ATL),2021-09,14.500,14.250,13.500,13.500,13.500,미주,미국
211,Atlanta(ATL),2021-08,14.500,14.250,13.500,13.500,13.500,미주,미국
212,Atlanta(ATL),2021-07,14.500,14.250,13.500,13.500,13.500,미주,미국
213,Atlanta(ATL),2021-06,14.50,14.25,13.50,13.50,13.50,미주,미국
214,Atlanta(ATL),2021-05,14.50,14.25,13.50,13.50,13.50,미주,미국
215,Atlanta(ATL),2021-04,14.50,14.25,13.50,13.50,13.50,미주,미국
216,Atlanta(ATL),2021-03,16.50,16.25,15.25,15.25,15.25,미주,미국
217,Atlanta(ATL),2021-02,16.50,16.25,15.25,15.25,15.25,미주,미국
218,Atlanta(ATL),2021-01,16.50,16.25,15.25,15.25,15.25,미주,미국
219,Atlanta(ATL),2020-12,16.50,16.25,15.25,15.25,15.25,미주,미국
220,Atlanta(ATL),2020-11,16.50,16.25,15.25,15.25,15.25,미주,미국
221,Atlanta(ATL),2020-10,13.00,12.75,11.75,11.75,11.75,미주,미국
222,Atlanta(ATL),2020-09,10.50,10.25,9.25,9.25,9.25,미주,미국
223,Atlanta(ATL),2020-08,10.05,9.80,8.60,8.35,8.35,미주,미국
224,Atlanta(ATL),2020-07,10.05,9.80,8.60,8.35,8.35,미주,미국
225,Atlanta(ATL),2020-06,10.05,9.80,7.60,7.35,7.35,미주,미국
226,Atlanta(ATL),2020-05,9.05,8.80,7.60,7.35,7.35,미주,미국
227,Atlanta(ATL),2020-04,9.05,8.80,7.60,7.35,7.35,미주,미국
228,Atlanta(ATL),2020-03,7.77,7.12,6.62,6.62,6.62,미주,미국
229,Atlanta(ATL),2020-02,7.27,6.62,6.12,6.12,6.12,미주,미국
230,Atlanta(ATL),2020-01,6.40,5.75,5.15,5.15,5.15,미주,미국
231,Atlanta(ATL),2019-12,6.40,5.75,5.15,5.15,5.15,미주,미국
232,Atlanta(ATL),2019-11,6.40,5.75,5.15,5.15,5.15,미주,미국
233,Atlanta(ATL),2019-10,6.40,5.75,5.15,5.15,5.15,미주,미국
234,Atlanta(ATL),2019-09,6.40,5.75,5.15,5.15,5.15,미주,미국
235,Atlanta(ATL),2019-08,6.40,5.75,5.15,5.15,5.15,미주,미국
236,Atlanta(ATL),2019-07,6.40,5.75,5.15,5.15,5.15,미주,미국
237,Atlanta(ATL),2019-06,5.30,5.30,5.10,5.10,5.10,미주,미국
238,Atlanta(ATL),2019-05,5.30,5.30,5.10,5.10,5.10,미주,미국
239,Atlanta(ATL),2019-04,5.30,5.30,5.10,5.10,5.10,미주,미국
240,Atlanta(ATL),2019-03,5.30,5.30,5.10,5.10,5.10,미주,미국
241,Atlanta(ATL),2019-02,5.30,5.30,5.10,5.10,5.10,미주,미국
242,Atlanta(ATL),2019-01,5.20,5.20,5.00,5.00,5.00,미주,미국
243,Atlanta(ATL),2018-12,5.20,5.20,5.00,5.00,5.00,미주,미국
244,Atlanta(ATL),2018-11,5.30,5.30,5.10,5.10,5.10,미주,미국
245,Atlanta(ATL),2018-10,5.20,5.20,5.00,5.00,5.00,미주,미국
246,Atlanta(ATL),2018-09,5.20,5.20,5.00,5.00,5.00,미주,미국
247,Atlanta(ATL),2018-08,6.10,5.15,4.96,4.96,4.96,미주,미국
248,Atlanta(ATL),2018-07,6.05,5.10,4.91,4.91,4.91,미주,미국
249,Atlanta(ATL),2018-06,6.05,5.10,4.91,4.91,4.91,미주,미국
250,Atlanta(ATL),2018-05,6.10,5.15,4.96,4.96,4.96,미주,미국
251,Atlanta(ATL),2018-04,6.05,5.10,4.91,4.91,4.91,미주,미국
252,Atlanta(ATL),2018-03,6.05,5.10,4.91,4.91,4.91,미주,미국
253,Atlanta(ATL),2018-02,6.05,5.10,4.91,4.91,4.91,미주,미국
254,Atlanta(ATL),2018-01,5.55,5.10,4.91,4.91,4.91,미주,미국
255,Pudong(PVG),2022-03,2.00,2.00,2.00,2.00,2.00,아시아,중국
256,Pudong(PVG),2022-02,2.00,2.00,2.00,2.25,2.25,아시아,중국
257,Pudong(PVG),2022-01,2.70,2.70,2.70,2.85,2.85,아시아,중국
258,Pudong(PVG),2021-12,2.600,2.600,2.600,2.550,2.550,아시아,중국
259,Pudong(PVG),2021-11,2.600,2.600,2.600,2.800,2.800,아시아,중국
260,Pudong(PVG),2021-10,2.700,2.700,2.700,2.800,2.800,아시아,중국
261,Pudong(PVG),2021-09,3.250,3.250,3.100,3.100,3.100,아시아,중국
262,Pudong(PVG),2021-08,3.250,3.250,3.100,3.100,3.100,아시아,중국
263,Pudong(PVG),2021-07,3.250,3.250,3.100,3.100,3.100,아시아,중국
264,Pudong(PVG),2021-06,3.25,3.25,3.10,3.10,3.10,아시아,중국
265,Pudong(PVG),2021-05,3.25,3.25,3.10,3.10,3.10,아시아,중국
266,Pudong(PVG),2021-04,3.25,3.25,3.10,3.10,3.10,아시아,중국
267,Pudong(PVG),2021-03,3.75,3.25,3.00,3.00,3.00,아시아,중국
268,Pudong(PVG),2021-02,3.75,3.25,3.00,3.00,3.00,아시아,중국
269,Pudong(PVG),2021-01,3.75,3.25,3.00,3.00,3.00,아시아,중국
270,Pudong(PVG),2020-12,3.75,3.25,3.00,3.00,3.00,아시아,중국
271,Pudong(PVG),2020-11,3.75,3.25,3.00,3.00,3.00,아시아,중국
272,Pudong(PVG),2020-10,3.75,3.25,3.00,3.00,3.00,아시아,중국
273,Pudong(PVG),2020-09,3.75,3.25,3.00,3.00,3.00,아시아,중국
274,Pudong(PVG),2020-08,3.75,3.25,3.00,3.00,3.00,아시아,중국
275,Pudong(PVG),2020-07,3.75,3.25,3.00,3.00,3.00,아시아,중국
276,Pudong(PVG),2020-06,3.75,3.25,3.00,3.00,3.00,아시아,중국
277,Pudong(PVG),2020-05,2.00,1.90,1.75,1.75,1.75,아시아,중국
278,Pudong(PVG),2020-04,2.00,1.90,1.75,1.75,1.75,아시아,중국
279,Pudong(PVG),2020-03,1.75,1.60,1.50,1.50,1.50,아시아,중국
280,Pudong(PVG),2020-02,1.65,1.50,1.40,1.40,1.40,아시아,중국
281,Pudong(PVG),2020-01,1.65,1.48,1.38,1.38,1.38,아시아,중국
282,Pudong(PVG),2019-12,1.65,1.48,1.38,1.38,1.38,아시아,중국
283,Pudong(PVG),2019-11,1.65,1.48,1.38,1.38,1.38,아시아,중국
284,Pudong(PVG),2019-10,1.65,1.48,1.38,1.38,1.38,아시아,중국
285,Pudong(PVG),2019-09,1.65,1.48,1.38,1.38,1.38,아시아,중국
286,Pudong(PVG),2019-08,1.65,1.48,1.38,1.38,1.38,아시아,중국
287,Pudong(PVG),2019-07,1.65,1.48,1.38,1.38,1.38,아시아,중국
288,Pudong(PVG),2019-06,1.25,1.20,1.20,1.20,1.20,아시아,중국
289,Pudong(PVG),2019-05,1.25,1.20,1.20,1.20,1.20,아시아,중국
290,Pudong(PVG),2019-04,1.25,1.20,1.20,1.20,1.20,아시아,중국
291,Pudong(PVG),2019-03,1.25,1.20,1.20,1.20,1.20,아시아,중국
292,Pudong(PVG),2019-02,1.25,1.20,1.20,1.20,1.20,아시아,중국
293,Pudong(PVG),2019-01,1.20,1.15,1.15,1.15,1.15,아시아,중국
294,Pudong(PVG),2018-12,1.20,1.15,1.15,1.15,1.15,아시아,중국
295,Pudong(PVG),2018-11,1.25,1.20,1.20,1.20,1.20,아시아,중국
296,Pudong(PVG),2018-10,1.20,1.15,1.15,1.15,1.15,아시아,중국
297,Pudong(PVG),2018-09,1.20,1.15,1.15,1.15,1.15,아시아,중국
298,Pudong(PVG),2018-08,1.21,1.16,1.16,1.16,1.16,아시아,중국
299,Pudong(PVG),2018-07,1.16,1.11,1.11,1.11,1.11,아시아,중국
300,Pudong(PVG),2018-06,1.16,1.11,1.11,1.11,1.11,아시아,중국
301,Pudong(PVG),2018-05,1.21,1.16,1.16,1.16,1.16,아시아,중국
302,Pudong(PVG),2018-04,1.16,1.11,1.11,1.11,1.11,아시아,중국
303,Pudong(PVG),2018-03,1.16,1.11,1.11,1.11,1.11,아시아,중국
304,Pudong(PVG),2018-02,1.16,1.11,1.11,1.11,1.11,아시아,중국
305,Pudong(PVG),2018-01,1.16,1.11,1.11,1.11,1.11,아시아,중국
306,BEIJING,2022-03,4.60,4.75,4.00,4.00,4.00,아시아,중국
307,BEIJING,2022-02,4.60,4.75,4.00,4.00,4.00,아시아,중국
308,BEIJING,2022-01,4.60,4.75,4.00,4.00,4.00,아시아,중국
309,BEIJING,2021-12,4.600,4.750,4.000,4.000,4.000,아시아,중국
310,BEIJING,2021-11,4.600,4.750,4.000,4.000,4.000,아시아,중국
311,BEIJING,2021-10,4.600,4.750,4.000,4.000,4.000,아시아,중국
312,BEIJING,2021-09,4.600,4.750,4.000,4.000,4.000,아시아,중국
313,BEIJING,2021-08,4.600,4.750,4.000,4.000,4.000,아시아,중국
314,BEIJING,2021-07,4.600,4.750,4.000,4.000,4.000,아시아,중국
315,BEIJING,2021-06,4.60,4.75,4.00,4.00,4.00,아시아,중국
316,BEIJING,2021-05,4.60,4.75,4.00,4.00,4.00,아시아,중국
317,BEIJING,2021-04,4.60,4.75,4.00,4.00,4.00,아시아,중국
318,BEIJING,2021-03,4.60,3.83,3.55,3.55,3.55,아시아,중국
319,BEIJING,2021-02,4.60,3.83,3.55,3.55,3.55,아시아,중국
320,BEIJING,2021-01,4.60,3.83,3.55,3.55,3.55,아시아,중국
321,BEIJING,2020-12,4.60,3.83,3.55,3.55,3.55,아시아,중국
322,BEIJING,2020-11,4.60,3.83,3.55,3.55,3.55,아시아,중국
323,BEIJING,2020-10,3.58,3.06,2.88,2.88,2.88,아시아,중국
324,BEIJING,2020-09,3.77,3.26,3.07,3.07,3.07,아시아,중국
325,BEIJING,2020-08,4.60,3.83,3.55,3.55,3.55,아시아,중국
326,BEIJING,2020-07,4.60,3.83,3.55,3.55,3.55,아시아,중국
327,BEIJING,2020-06,4.60,3.83,3.55,3.55,3.55,아시아,중국
328,BEIJING,2020-05,3.60,2.87,2.60,2.60,2.60,아시아,중국
329,BEIJING,2020-04,3.60,2.87,2.60,2.60,2.60,아시아,중국
330,BEIJING,2020-03,3.05,2.72,2.45,2.45,2.45,아시아,중국
331,BEIJING,2020-02,2.02,1.81,1.61,1.60,1.58,아시아,중국
332,BEIJING,2020-01,1.59,1.46,1.25,1.23,1.22,아시아,중국
333,BEIJING,2019-12,1.59,1.46,1.25,1.23,1.22,아시아,중국
334,BEIJING,2019-11,1.60,1.46,1.25,1.23,1.22,아시아,중국
335,BEIJING,2019-10,1.59,1.46,1.24,1.23,1.21,아시아,중국
336,BEIJING,2019-09,1.59,1.46,1.24,1.23,1.21,아시아,중국
337,BEIJING,2019-08,1.58,1.45,1.24,1.22,1.21,아시아,중국
338,BEIJING,2019-07,1.59,1.46,1.24,1.23,1.22,아시아,중국
339,BEIJING,2019-06,1.32,1.26,1.11,1.10,1.08,아시아,중국
340,BEIJING,2019-05,1.32,1.26,1.11,1.09,1.08,아시아,중국
341,BEIJING,2019-04,1.34,1.27,1.12,1.11,1.09,아시아,중국
342,BEIJING,2019-03,1.34,1.27,1.12,1.11,1.09,아시아,중국
343,BEIJING,2019-02,1.34,1.27,1.13,1.11,1.10,아시아,중국
344,BEIJING,2019-01,1.31,1.24,1.09,1.08,1.06,아시아,중국
345,BEIJING,2018-12,1.31,1.24,1.09,1.08,1.06,아시아,중국
346,BEIJING,2018-11,1.34,1.27,1.12,1.11,1.09,아시아,중국
347,BEIJING,2018-10,1.31,1.24,1.09,1.08,1.06,아시아,중국
348,BEIJING,2018-09,1.31,1.24,1.09,1.08,1.06,아시아,중국
349,BEIJING,2018-08,1.31,1.25,1.10,1.08,1.07,아시아,중국
350,BEIJING,2018-07,1.32,1.26,1.09,1.06,1.04,아시아,중국
351,BEIJING,2018-06,1.33,1.27,1.10,1.07,1.04,아시아,중국
352,BEIJING,2018-05,1.33,1.26,1.11,1.10,1.08,아시아,중국
353,BEIJING,2018-04,1.34,1.28,1.11,1.08,1.05,아시아,중국
354,BEIJING,2018-03,1.34,1.28,1.11,1.08,1.05,아시아,중국
355,BEIJING,2018-02,1.34,1.27,1.11,1.08,1.05,아시아,중국
356,BEIJING,2018-01,1.30,1.23,1.08,1.07,1.05,아시아,중국
357,Tianjin(TSN),2022-03,4.00,3.50,3.50,3.50,3.50,아시아,중국
358,Tianjin(TSN),2022-02,4.00,3.50,3.50,3.50,3.50,아시아,중국
359,Tianjin(TSN),2022-01,4.00,3.50,3.50,3.50,3.50,아시아,중국
360,Tianjin(TSN),2021-12,4.000,3.500,3.500,3.500,3.500,아시아,중국
361,Tianjin(TSN),2021-11,4.000,3.500,3.500,3.500,3.500,아시아,중국
362,Tianjin(TSN),2021-10,4.000,3.500,3.500,3.500,3.500,아시아,중국
363,Tianjin(TSN),2021-09,3.300,2.800,2.800,2.750,2.750,아시아,중국
364,Tianjin(TSN),2021-08,3.300,2.800,2.800,2.750,2.750,아시아,중국
365,Tianjin(TSN),2021-07,3.300,2.800,2.800,2.750,2.750,아시아,중국
366,Tianjin(TSN),2021-06,3.65,2.75,2.85,2.85,2.85,아시아,중국
367,Tianjin(TSN),2021-05,3.65,2.75,2.85,2.85,2.85,아시아,중국
368,Tianjin(TSN),2021-04,3.65,2.75,2.85,2.85,2.85,아시아,중국
369,Tianjin(TSN),2021-03,2.95,2.68,2.45,2.45,2.45,아시아,중국
370,Tianjin(TSN),2021-02,2.95,2.68,2.45,2.45,2.45,아시아,중국
371,Tianjin(TSN),2021-01,2.95,2.68,2.45,2.45,2.45,아시아,중국
372,Tianjin(TSN),2020-12,2.95,2.68,2.45,2.45,2.45,아시아,중국
373,Tianjin(TSN),2020-11,2.95,2.68,2.45,2.45,2.45,아시아,중국
374,Tianjin(TSN),2020-10,2.50,2.32,2.14,2.11,2.09,아시아,중국
375,Tianjin(TSN),2020-09,2.29,2.11,1.96,1.96,1.96,아시아,중국
376,Tianjin(TSN),2020-08,2.95,2.68,2.45,2.45,2.45,아시아,중국
377,Tianjin(TSN),2020-07,2.95,2.68,2.45,2.45,2.45,아시아,중국
378,Tianjin(TSN),2020-06,2.95,2.68,2.45,2.45,2.45,아시아,중국
379,Tianjin(TSN),2020-05,3.75,2.92,2.65,2.65,2.65,아시아,중국
380,Tianjin(TSN),2020-04,3.75,2.92,2.65,2.65,2.65,아시아,중국
381,Tianjin(TSN),2020-03,3.55,2.77,2.50,2.50,2.50,아시아,중국
382,Tianjin(TSN),2020-02,2.55,2.23,2.03,2.02,2.00,아시아,중국
383,Tianjin(TSN),2020-01,2.55,2.15,1.84,1.82,1.81,아시아,중국
384,Tianjin(TSN),2019-12,2.55,2.15,1.84,1.82,1.81,아시아,중국
385,Tianjin(TSN),2019-11,2.55,2.15,1.84,1.82,1.81,아시아,중국
386,Tianjin(TSN),2019-10,2.55,2.15,1.83,1.82,1.80,아시아,중국
387,Tianjin(TSN),2019-09,2.55,2.15,1.83,1.82,1.80,아시아,중국
388,Tianjin(TSN),2019-08,2.54,2.14,1.82,1.81,1.80,아시아,중국
389,Tianjin(TSN),2019-07,2.55,2.15,1.83,1.82,1.81,아시아,중국
390,Tianjin(TSN),2019-06,3.31,2.15,1.80,1.78,1.77,아시아,중국
391,Tianjin(TSN),2019-05,3.31,2.15,1.80,1.78,1.77,아시아,중국
392,Tianjin(TSN),2019-04,3.33,2.16,1.81,1.80,1.78,아시아,중국
393,Tianjin(TSN),2019-03,3.33,2.16,1.82,1.80,1.79,아시아,중국
394,Tianjin(TSN),2019-02,3.33,2.17,1.82,1.80,1.79,아시아,중국
395,Tianjin(TSN),2019-01,3.30,2.13,1.79,1.77,1.76,아시아,중국
396,Tianjin(TSN),2018-12,3.30,2.13,1.79,1.77,1.76,아시아,중국
397,Tianjin(TSN),2018-11,3.33,2.16,1.82,1.80,1.79,아시아,중국
398,Tianjin(TSN),2018-10,3.30,2.13,1.78,1.77,1.75,아시아,중국
399,Tianjin(TSN),2018-09,3.30,2.14,1.79,1.77,1.76,아시아,중국
400,Tianjin(TSN),2018-08,2.39,2.03,1.78,1.77,1.75,아시아,중국
401,Tianjin(TSN),2018-07,2.40,2.04,1.78,1.75,1.72,아시아,중국
402,Tianjin(TSN),2018-06,2.41,2.05,1.79,1.76,1.73,아시아,중국
403,Tianjin(TSN),2018-05,2.38,2.02,1.77,1.75,1.74,아시아,중국
404,Tianjin(TSN),2018-04,2.42,2.06,1.80,1.77,1.74,아시아,중국
405,Tianjin(TSN),2018-03,2.43,2.07,1.80,1.77,1.74,아시아,중국
406,Tianjin(TSN),2018-02,2.39,2.03,1.76,1.73,1.70,아시아,중국
407,Tianjin(TSN),2018-01,2.35,1.99,1.74,1.72,1.71,아시아,중국
408,Qingdao(TAO),2022-03,4.05,3.55,3.55,3.55,3.55,아시아,중국
409,Qingdao(TAO),2022-02,3.50,3.00,3.00,3.00,3.00,아시아,중국
410,Qingdao(TAO),2022-01,4.40,3.90,3.90,3.90,3.90,아시아,중국
411,Qingdao(TAO),2021-12,4.100,3.300,3.150,3.150,3.150,아시아,중국
412,Qingdao(TAO),2021-11,4.100,3.300,3.150,3.150,3.150,아시아,중국
413,Qingdao(TAO),2021-10,4.100,3.300,3.150,3.150,3.150,아시아,중국
414,Qingdao(TAO),2021-09,4.100,3.300,3.150,3.150,3.150,아시아,중국
415,Qingdao(TAO),2021-08,4.100,3.300,3.150,3.150,3.150,아시아,중국
416,Qingdao(TAO),2021-07,4.100,3.300,3.150,3.150,3.150,아시아,중국
417,Qingdao(TAO),2021-06,4.70,3.70,3.70,3.70,3.70,아시아,중국
418,Qingdao(TAO),2021-05,4.70,3.70,3.70,3.70,3.70,아시아,중국
419,Qingdao(TAO),2021-04,4.70,3.70,3.70,3.70,3.70,아시아,중국
420,Qingdao(TAO),2021-03,4.70,3.80,3.30,3.30,3.30,아시아,중국
421,Qingdao(TAO),2021-02,4.70,3.80,3.30,3.30,3.30,아시아,중국
422,Qingdao(TAO),2021-01,4.70,3.80,3.30,3.30,3.30,아시아,중국
423,Qingdao(TAO),2020-12,4.70,3.80,3.30,3.30,3.30,아시아,중국
424,Qingdao(TAO),2020-11,4.70,3.80,3.30,3.30,3.30,아시아,중국
425,Qingdao(TAO),2020-10,3.41,2.96,2.67,2.67,2.67,아시아,중국
426,Qingdao(TAO),2020-09,3.44,2.99,2.67,2.67,2.67,아시아,중국
427,Qingdao(TAO),2020-08,4.70,3.80,3.30,3.30,3.30,아시아,중국
428,Qingdao(TAO),2020-07,4.70,3.80,3.30,3.30,3.30,아시아,중국
429,Qingdao(TAO),2020-06,4.70,3.80,3.30,3.30,3.30,아시아,중국
430,Qingdao(TAO),2020-05,4.45,3.65,3.25,3.25,3.25,아시아,중국
431,Qingdao(TAO),2020-04,4.45,3.65,3.25,3.25,3.25,아시아,중국
432,Qingdao(TAO),2020-03,4.45,3.65,3.25,3.25,3.25,아시아,중국
433,Qingdao(TAO),2020-02,2.96,2.43,2.16,2.16,2.16,아시아,중국
434,Qingdao(TAO),2020-01,2.70,2.20,1.87,1.87,1.87,아시아,중국
435,Qingdao(TAO),2019-12,3.34,2.84,2.49,2.48,2.46,아시아,중국
436,Qingdao(TAO),2019-11,3.33,2.83,2.48,2.47,2.45,아시아,중국
437,Qingdao(TAO),2019-10,3.32,2.82,2.47,2.46,2.44,아시아,중국
438,Qingdao(TAO),2019-09,3.33,2.83,2.49,2.47,2.46,아시아,중국
439,Qingdao(TAO),2019-08,3.32,2.82,2.47,2.46,2.44,아시아,중국
440,Qingdao(TAO),2019-07,3.34,2.84,2.49,2.48,2.46,아시아,중국
441,Qingdao(TAO),2019-06,3.10,2.70,2.33,2.31,2.29,아시아,중국
442,Qingdao(TAO),2019-05,3.10,2.70,2.33,2.31,2.28,아시아,중국
443,Qingdao(TAO),2019-04,3.14,2.74,2.36,2.34,2.32,아시아,중국
444,Qingdao(TAO),2019-03,3.14,2.74,2.37,2.35,2.33,아시아,중국
445,Qingdao(TAO),2019-02,3.15,2.75,2.38,2.36,2.33,아시아,중국
446,Qingdao(TAO),2019-01,3.08,2.68,2.31,2.29,2.26,아시아,중국
447,Qingdao(TAO),2018-12,3.08,2.68,2.31,2.28,2.26,아시아,중국
448,Qingdao(TAO),2018-11,3.12,2.72,2.35,2.33,2.31,아시아,중국
449,Qingdao(TAO),2018-10,3.07,2.67,2.30,2.28,2.25,아시아,중국
450,Qingdao(TAO),2018-09,3.08,2.68,2.31,2.29,2.27,아시아,중국
451,Qingdao(TAO),2018-08,2.70,2.37,2.12,2.11,2.09,아시아,중국
452,Qingdao(TAO),2018-07,2.71,2.38,2.12,2.09,2.06,아시아,중국
453,Qingdao(TAO),2018-06,2.70,2.37,2.11,2.08,2.05,아시아,중국
454,Qingdao(TAO),2018-05,2.68,2.36,2.11,2.09,2.08,아시아,중국
455,Qingdao(TAO),2018-04,2.73,2.40,2.14,2.11,2.08,아시아,중국
456,Qingdao(TAO),2018-03,2.74,2.41,2.14,2.11,2.08,아시아,중국
457,Qingdao(TAO),2018-02,2.73,2.40,2.14,2.11,2.07,아시아,중국
458,Qingdao(TAO),2018-01,2.67,2.34,2.09,2.08,2.06,아시아,중국
470,Hangzhou(HGH),2022-03,2.35,1.85,1.85,1.85,1.85,아시아,중국
471,Hangzhou(HGH),2022-02,2.35,1.85,1.85,1.85,1.85,아시아,중국
472,Hangzhou(HGH),2022-01,2.35,1.85,1.85,1.85,1.85,아시아,중국
473,Hangzhou(HGH),2021-12,2.350,1.850,1.850,1.850,1.850,아시아,중국
474,Hangzhou(HGH),2021-11,2.350,1.850,1.850,1.850,1.850,아시아,중국
475,Hangzhou(HGH),2021-10,2.350,1.850,1.850,1.850,1.850,아시아,중국
476,Hangzhou(HGH),2021-09,2.350,1.850,1.850,1.850,1.850,아시아,중국
477,Hangzhou(HGH),2021-08,2.350,1.850,1.850,1.850,1.850,아시아,중국
478,Hangzhou(HGH),2021-07,2.350,1.850,1.850,1.850,1.850,아시아,중국
479,Hangzhou(HGH),2021-06,4.00,3.00,3.00,3.00,3.00,아시아,중국
480,Hangzhou(HGH),2021-05,4.00,3.00,3.00,3.00,3.00,아시아,중국
481,Hangzhou(HGH),2021-04,4.00,3.00,3.00,3.00,3.00,아시아,중국
482,Hangzhou(HGH),2021-03,4.19,3.79,3.79,3.79,3.79,아시아,중국
483,Hangzhou(HGH),2021-02,4.19,3.79,3.79,3.79,3.79,아시아,중국
484,Hangzhou(HGH),2021-01,4.19,3.79,3.79,3.79,3.79,아시아,중국
485,Hangzhou(HGH),2020-12,4.19,3.79,3.79,3.79,3.79,아시아,중국
486,Hangzhou(HGH),2020-11,4.19,3.79,3.79,3.79,3.79,아시아,중국
487,Hangzhou(HGH),2020-10,4.19,3.79,3.79,3.79,3.79,아시아,중국
488,Hangzhou(HGH),2020-09,4.19,3.79,3.79,3.79,3.79,아시아,중국
489,Hangzhou(HGH),2020-08,4.19,3.79,3.79,3.79,3.79,아시아,중국
490,Hangzhou(HGH),2020-07,4.19,3.79,3.79,3.79,3.79,아시아,중국
491,Hangzhou(HGH),2020-06,4.19,3.79,3.79,3.79,3.79,아시아,중국
492,Hangzhou(HGH),2020-05,2.45,2.25,2.25,2.25,2.25,아시아,중국
493,Hangzhou(HGH),2020-04,2.45,2.25,2.25,2.25,2.25,아시아,중국
494,Hangzhou(HGH),2020-03,2.45,2.25,2.25,2.25,2.25,아시아,중국
495,Hangzhou(HGH),2020-02,1.95,1.75,1.75,1.75,1.75,아시아,중국
496,Hangzhou(HGH),2020-01,1.43,1.25,1.25,1.25,1.25,아시아,중국
497,Hangzhou(HGH),2019-12,1.43,1.25,1.25,1.25,1.25,아시아,중국
498,Hangzhou(HGH),2019-11,1.43,1.25,1.25,1.25,1.25,아시아,중국
499,Hangzhou(HGH),2019-10,1.43,1.25,1.25,1.25,1.25,아시아,중국
500,Hangzhou(HGH),2019-09,1.43,1.25,1.25,1.25,1.25,아시아,중국
501,Hangzhou(HGH),2019-08,1.43,1.25,1.25,1.25,1.25,아시아,중국
502,Hangzhou(HGH),2019-07,1.43,1.25,1.25,1.25,1.25,아시아,중국
503,Hangzhou(HGH),2019-06,2.16,1.80,1.80,1.80,1.80,아시아,중국
504,Hangzhou(HGH),2019-05,2.16,1.80,1.80,1.80,1.80,아시아,중국
505,Hangzhou(HGH),2019-04,2.16,1.80,1.80,1.80,1.80,아시아,중국
506,Hangzhou(HGH),2019-03,2.16,1.80,1.80,1.80,1.80,아시아,중국
507,Hangzhou(HGH),2019-02,2.16,1.80,1.80,1.80,1.80,아시아,중국
508,Hangzhou(HGH),2019-01,2.06,1.70,1.70,1.70,1.70,아시아,중국
509,Hangzhou(HGH),2018-12,2.06,1.70,1.70,1.70,1.70,아시아,중국
510,Hangzhou(HGH),2018-11,2.16,1.80,1.80,1.80,1.80,아시아,중국
511,Hangzhou(HGH),2018-10,2.06,1.70,1.70,1.70,1.70,아시아,중국
512,Hangzhou(HGH),2018-09,2.06,1.70,1.70,1.70,1.70,아시아,중국
513,Hangzhou(HGH),2018-08,2.16,1.80,1.80,1.80,1.80,아시아,중국
514,Hangzhou(HGH),2018-07,2.06,1.70,1.70,1.70,1.70,아시아,중국
515,Hangzhou(HGH),2018-06,2.06,1.70,1.70,1.70,1.70,아시아,중국
516,Hangzhou(HGH),2018-05,2.16,1.80,1.80,1.80,1.80,아시아,중국
517,Hangzhou(HGH),2018-04,2.06,1.70,1.70,1.70,1.70,아시아,중국
518,Hangzhou(HGH),2018-03,2.06,1.70,1.70,1.70,1.70,아시아,중국
519,Hangzhou(HGH),2018-02,2.06,1.70,1.70,1.70,1.70,아시아,중국
520,Hangzhou(HGH),2018-01,2.06,1.70,1.70,1.70,1.70,아시아,중국
521,Hong_Kong(HKG),2022-03,3.15,2.30,2.00,2.00,2.00,아시아,홍콩
522,Hong_Kong(HKG),2022-02,3.15,2.30,2.00,2.00,2.00,아시아,홍콩
523,Hong_Kong(HKG),2022-01,3.15,2.30,2.00,2.00,2.00,아시아,홍콩
524,Hong_Kong(HKG),2021-12,3.150,2.300,2.000,2.000,2.000,아시아,홍콩
525,Hong_Kong(HKG),2021-11,3.150,2.300,2.000,2.000,2.000,아시아,홍콩
526,Hong_Kong(HKG),2021-10,3.150,2.300,2.000,2.000,2.000,아시아,홍콩
527,Hong_Kong(HKG),2021-09,3.150,2.300,2.000,2.000,2.000,아시아,홍콩
528,Hong_Kong(HKG),2021-08,3.150,2.300,2.000,2.000,2.000,아시아,홍콩
529,Hong_Kong(HKG),2021-07,3.150,2.300,2.000,2.000,2.000,아시아,홍콩
530,Hong_Kong(HKG),2021-06,3.15,2.30,2.00,2.00,2.00,아시아,홍콩
531,Hong_Kong(HKG),2021-05,3.15,2.30,2.00,2.00,2.00,아시아,홍콩
532,Hong_Kong(HKG),2021-04,3.15,2.30,2.00,2.00,2.00,아시아,홍콩
533,Hong_Kong(HKG),2021-03,2.05,1.90,1.80,1.50,1.50,아시아,홍콩
534,Hong_Kong(HKG),2021-02,2.05,1.90,1.80,1.50,1.50,아시아,홍콩
535,Hong_Kong(HKG),2021-01,2.05,1.90,1.80,1.50,1.50,아시아,홍콩
536,Hong_Kong(HKG),2020-12,2.05,1.90,1.80,1.50,1.50,아시아,홍콩
537,Hong_Kong(HKG),2020-11,2.05,1.90,1.80,1.50,1.50,아시아,홍콩
538,Hong_Kong(HKG),2020-10,1.73,1.63,1.57,1.37,1.37,아시아,홍콩
539,Hong_Kong(HKG),2020-09,1.62,1.52,1.45,1.25,1.25,아시아,홍콩
540,Hong_Kong(HKG),2020-08,2.05,1.90,1.80,1.50,1.50,아시아,홍콩
541,Hong_Kong(HKG),2020-07,2.05,1.90,1.80,1.50,1.50,아시아,홍콩
542,Hong_Kong(HKG),2020-06,2.05,1.90,1.80,1.50,1.50,아시아,홍콩
543,Hong_Kong(HKG),2020-05,2.20,2.10,1.85,1.85,1.85,아시아,홍콩
544,Hong_Kong(HKG),2020-04,2.20,2.10,1.85,1.85,1.85,아시아,홍콩
545,Hong_Kong(HKG),2020-03,1.95,1.80,1.70,1.70,1.70,아시아,홍콩
546,Hong_Kong(HKG),2020-02,1.35,1.25,1.17,1.16,1.14,아시아,홍콩
547,Hong_Kong(HKG),2020-01,1.25,1.12,1.04,1.02,1.01,아시아,홍콩
548,Hong_Kong(HKG),2019-12,1.25,1.12,1.04,1.02,1.01,아시아,홍콩
549,Hong_Kong(HKG),2019-11,1.31,4.48,1.10,1.08,1.07,아시아,홍콩
550,Hong_Kong(HKG),2019-10,1.31,4.47,1.09,1.08,1.06,아시아,홍콩
551,Hong_Kong(HKG),2019-09,1.25,4.42,1.04,1.02,1.01,아시아,홍콩
552,Hong_Kong(HKG),2019-08,1.24,4.41,1.03,1.02,1.00,아시아,홍콩
553,Hong_Kong(HKG),2019-07,1.25,1.08,1.04,1.02,1.01,아시아,홍콩
554,Hong_Kong(HKG),2019-06,0.98,0.88,0.90,0.88,0.87,아시아,홍콩
555,Hong_Kong(HKG),2019-05,0.98,0.88,0.90,0.88,0.87,아시아,홍콩
556,Hong_Kong(HKG),2019-04,0.99,0.89,0.90,0.89,0.88,아시아,홍콩
557,Hong_Kong(HKG),2019-03,0.99,4.22,0.91,0.89,0.88,아시아,홍콩
558,Hong_Kong(HKG),2019-02,0.99,4.22,0.91,0.89,0.88,아시아,홍콩
559,Hong_Kong(HKG),2019-01,0.97,0.90,0.89,0.87,0.86,아시아,홍콩
560,Hong_Kong(HKG),2018-12,0.97,0.90,0.89,0.87,0.86,아시아,홍콩
561,Hong_Kong(HKG),2018-11,1.00,4.24,0.92,0.91,0.89,아시아,홍콩
562,Hong_Kong(HKG),2018-10,0.97,0.90,0.89,0.87,0.86,아시아,홍콩
563,Hong_Kong(HKG),2018-09,0.97,0.90,0.89,0.88,0.86,아시아,홍콩
564,Hong_Kong(HKG),2018-08,0.98,0.91,0.90,0.88,0.87,아시아,홍콩
565,Hong_Kong(HKG),2018-07,0.99,0.92,0.89,0.86,0.84,아시아,홍콩
566,Hong_Kong(HKG),2018-06,0.99,0.93,0.90,0.87,0.84,아시아,홍콩
567,Hong_Kong(HKG),2018-05,0.99,0.92,0.91,0.89,0.88,아시아,홍콩
568,Hong_Kong(HKG),2018-04,1.02,0.95,0.92,0.89,0.86,아시아,홍콩
569,Hong_Kong(HKG),2018-03,1.02,0.96,0.92,0.89,0.86,아시아,홍콩
570,Hong_Kong(HKG),2018-02,1.02,0.95,0.92,0.89,0.86,아시아,홍콩
571,Hong_Kong(HKG),2018-01,0.97,0.91,0.89,0.88,0.86,아시아,홍콩
572,Kansai(KIX),2022-03,2.10,1.85,1.85,1.85,1.85,아시아,일본
573,Kansai(KIX),2022-02,2.10,1.85,1.85,1.85,1.85,아시아,일본
574,Kansai(KIX),2022-01,2.10,1.85,1.85,1.85,1.85,아시아,일본
575,Kansai(KIX),2021-12,2.300,2.100,1.850,1.850,1.850,아시아,일본
576,Kansai(KIX),2021-11,2.300,2.100,1.850,1.850,1.850,아시아,일본
577,Kansai(KIX),2021-10,2.300,2.100,1.850,1.850,1.850,아시아,일본
578,Kansai(KIX),2021-09,2.300,2.100,1.850,1.850,1.850,아시아,일본
579,Kansai(KIX),2021-08,2.300,2.100,1.850,1.850,1.850,아시아,일본
580,Kansai(KIX),2021-07,2.300,2.100,1.850,1.850,1.850,아시아,일본
581,Kansai(KIX),2021-06,2.30,2.10,1.85,1.85,1.85,아시아,일본
582,Kansai(KIX),2021-05,2.30,2.10,1.85,1.85,1.85,아시아,일본
583,Kansai(KIX),2021-04,2.30,2.10,1.85,1.85,1.85,아시아,일본
584,Kansai(KIX),2021-03,2.20,1.95,1.75,1.75,1.75,아시아,일본
585,Kansai(KIX),2021-02,2.20,1.95,1.75,1.75,1.75,아시아,일본
586,Kansai(KIX),2021-01,2.20,1.90,1.70,1.70,1.70,아시아,일본
587,Kansai(KIX),2020-12,2.20,1.90,1.70,1.70,1.70,아시아,일본
588,Kansai(KIX),2020-11,2.20,1.85,1.65,1.65,1.65,아시아,일본
589,Kansai(KIX),2020-10,2.31,2.08,1.89,1.86,1.83,아시아,일본
590,Kansai(KIX),2020-09,2.22,1.98,1.82,1.81,1.79,아시아,일본
591,Kansai(KIX),2020-08,2.20,1.85,1.65,1.65,1.65,아시아,일본
592,Kansai(KIX),2020-07,2.20,1.85,1.65,1.65,1.65,아시아,일본
593,Kansai(KIX),2020-06,2.20,1.85,1.65,1.65,1.65,아시아,일본
594,Kansai(KIX),2020-05,2.35,2.05,1.80,1.80,1.75,아시아,일본
595,Kansai(KIX),2020-04,2.35,2.05,1.80,1.80,1.75,아시아,일본
596,Kansai(KIX),2020-03,2.25,1.90,1.70,1.70,1.60,아시아,일본
597,Kansai(KIX),2020-02,1.81,1.58,1.43,1.41,1.33,아시아,일본
598,Kansai(KIX),2020-01,1.64,1.44,1.36,1.34,1.33,아시아,일본
599,Kansai(KIX),2019-12,1.64,1.44,1.36,1.34,1.33,아시아,일본
600,Kansai(KIX),2019-11,1.64,1.44,1.36,1.34,1.33,아시아,일본
601,Kansai(KIX),2019-10,1.63,1.43,1.35,1.34,1.33,아시아,일본
602,Kansai(KIX),2019-09,1.63,1.43,1.35,1.34,1.33,아시아,일본
603,Kansai(KIX),2019-08,1.66,1.46,1.37,1.36,1.35,아시아,일본
604,Kansai(KIX),2019-07,1.66,1.46,1.38,1.37,1.36,아시아,일본
605,Kansai(KIX),2019-06,1.47,1.32,1.30,1.28,1.26,아시아,일본
606,Kansai(KIX),2019-05,1.47,1.32,1.30,1.28,1.26,아시아,일본
607,Kansai(KIX),2019-04,1.49,1.34,1.32,1.30,1.27,아시아,일본
608,Kansai(KIX),2019-03,1.49,1.34,1.32,1.30,1.28,아시아,일본
609,Kansai(KIX),2019-02,1.50,1.35,1.32,1.30,1.28,아시아,일본
610,Kansai(KIX),2019-01,1.45,1.30,1.28,1.25,1.23,아시아,일본
611,Kansai(KIX),2018-12,1.45,1.30,1.27,1.25,1.23,아시아,일본
612,Kansai(KIX),2018-11,1.49,1.34,1.32,1.30,1.28,아시아,일본
613,Kansai(KIX),2018-10,1.44,1.29,1.27,1.25,1.23,아시아,일본
614,Kansai(KIX),2018-09,1.45,1.30,1.28,1.25,1.23,아시아,일본
615,Kansai(KIX),2018-08,1.38,1.25,1.23,1.22,1.21,아시아,일본
616,Kansai(KIX),2018-07,1.39,1.26,1.23,1.20,1.17,아시아,일본
617,Kansai(KIX),2018-06,1.40,1.27,1.24,1.21,1.18,아시아,일본
618,Kansai(KIX),2018-05,1.38,1.25,1.22,1.22,1.22,아시아,일본
619,Kansai(KIX),2018-04,1.41,1.28,1.25,1.22,1.19,아시아,일본
620,Kansai(KIX),2018-03,1.41,1.28,1.25,1.22,1.19,아시아,일본
621,Kansai(KIX),2018-02,1.43,1.29,1.26,1.23,1.20,아시아,일본
622,Kansai(KIX),2018-01,1.38,1.25,1.24,1.22,1.20,아시아,일본
623,Narita(NRT),2022-03,2.65,2.30,2.15,2.15,2.15,아시아,일본
624,Narita(NRT),2022-02,2.65,2.30,2.15,2.15,2.15,아시아,일본
625,Narita(NRT),2022-01,2.65,2.30,2.15,2.15,2.15,아시아,일본
626,Narita(NRT),2021-12,2.650,2.300,2.150,2.150,2.150,아시아,일본
627,Narita(NRT),2021-11,2.650,2.300,2.150,2.150,2.150,아시아,일본
628,Narita(NRT),2021-10,2.650,2.300,2.150,2.150,2.150,아시아,일본
629,Narita(NRT),2021-09,2.650,2.300,2.150,2.150,2.150,아시아,일본
630,Narita(NRT),2021-08,2.650,2.300,2.150,2.150,2.150,아시아,일본
631,Narita(NRT),2021-07,2.650,2.300,2.150,2.150,2.150,아시아,일본
632,Narita(NRT),2021-06,2.75,2.30,2.15,2.15,2.15,아시아,일본
633,Narita(NRT),2021-05,2.75,2.30,2.15,2.15,2.15,아시아,일본
634,Narita(NRT),2021-04,2.75,2.30,2.15,2.15,2.15,아시아,일본
635,Narita(NRT),2021-03,2.20,2.00,1.90,1.90,1.90,아시아,일본
636,Narita(NRT),2021-02,2.18,1.98,1.88,1.88,1.88,아시아,일본
637,Narita(NRT),2021-01,2.10,1.90,1.80,1.80,1.80,아시아,일본
638,Narita(NRT),2020-12,2.05,1.85,1.75,1.75,1.75,아시아,일본
639,Narita(NRT),2020-11,1.65,1.25,1.15,1.15,1.15,아시아,일본
640,Narita(NRT),2020-10,1.95,1.68,1.56,1.53,1.50,아시아,일본
641,Narita(NRT),2020-09,1.80,1.53,1.44,1.42,1.41,아시아,일본
642,Narita(NRT),2020-08,1.65,1.25,1.15,1.15,1.15,아시아,일본
643,Narita(NRT),2020-07,1.65,1.25,1.15,1.15,1.15,아시아,일본
644,Narita(NRT),2020-06,1.65,1.25,1.15,1.15,1.15,아시아,일본
645,Narita(NRT),2020-05,2.00,1.60,1.50,1.50,1.50,아시아,일본
646,Narita(NRT),2020-04,2.00,1.60,1.50,1.50,1.50,아시아,일본
647,Narita(NRT),2020-03,1.85,1.45,1.35,1.35,1.35,아시아,일본
648,Narita(NRT),2020-02,1.54,1.28,1.20,1.18,1.17,아시아,일본
649,Narita(NRT),2020-01,1.18,0.87,0.85,0.84,0.83,아시아,일본
650,Narita(NRT),2019-12,1.18,0.87,0.85,0.84,0.83,아시아,일본
651,Narita(NRT),2019-11,1.19,0.87,0.85,0.84,0.83,아시아,일본
652,Narita(NRT),2019-10,1.18,0.86,0.85,0.84,0.82,아시아,일본
653,Narita(NRT),2019-09,1.18,0.86,0.85,0.84,0.82,아시아,일본
654,Narita(NRT),2019-08,1.20,0.89,0.87,0.86,0.84,아시아,일본
655,Narita(NRT),2019-07,1.21,0.89,0.88,0.87,0.85,아시아,일본
656,Narita(NRT),2019-06,1.45,1.10,1.03,1.02,1.00,아시아,일본
657,Narita(NRT),2019-05,1.44,1.09,1.03,1.02,1.00,아시아,일본
658,Narita(NRT),2019-04,1.46,1.11,1.04,1.03,1.01,아시아,일본
659,Narita(NRT),2019-03,1.46,1.11,1.04,1.03,1.02,아시아,일본
660,Narita(NRT),2019-02,1.46,1.11,1.05,1.03,1.02,아시아,일본
661,Narita(NRT),2019-01,1.43,1.08,1.01,1.00,0.98,아시아,일본
662,Narita(NRT),2018-12,1.41,1.06,1.00,0.98,0.97,아시아,일본
663,Narita(NRT),2018-11,1.44,1.09,1.03,1.02,1.00,아시아,일본
664,Narita(NRT),2018-10,1.41,1.06,1.00,0.98,0.97,아시아,일본
665,Narita(NRT),2018-09,1.41,1.06,1.00,0.98,0.97,아시아,일본
666,Narita(NRT),2018-08,1.25,1.02,1.01,0.99,0.98,아시아,일본
667,Narita(NRT),2018-07,1.26,1.03,1.00,0.97,0.94,아시아,일본
668,Narita(NRT),2018-06,1.27,1.04,1.01,0.98,0.95,아시아,일본
669,Narita(NRT),2018-05,1.25,1.02,0.99,0.99,0.99,아시아,일본
670,Narita(NRT),2018-04,1.28,1.05,1.02,0.99,0.96,아시아,일본
671,Narita(NRT),2018-03,1.28,1.05,1.02,0.99,0.96,아시아,일본
672,Narita(NRT),2018-02,1.29,1.06,1.03,1.00,0.97,아시아,일본
673,Narita(NRT),2018-01,1.25,1.02,1.01,0.99,0.98,아시아,일본
674,Nagoya(NGO),2022-03,2.55,2.45,2.30,2.30,2.30,아시아,일본
675,Nagoya(NGO),2022-02,2.55,2.45,2.30,2.30,2.30,아시아,일본
676,Nagoya(NGO),2022-01,2.55,2.45,2.30,2.30,2.30,아시아,일본
677,Nagoya(NGO),2021-12,2.550,2.450,2.300,2.300,2.300,아시아,일본
678,Nagoya(NGO),2021-11,2.550,2.450,2.300,2.300,2.300,아시아,일본
679,Nagoya(NGO),2021-10,2.550,2.450,2.300,2.300,2.300,아시아,일본
680,Nagoya(NGO),2021-09,2.515,2.260,2.130,2.130,2.130,아시아,일본
681,Nagoya(NGO),2021-08,2.515,2.260,2.130,2.130,2.130,아시아,일본
682,Nagoya(NGO),2021-07,2.565,2.310,2.180,12.530,12.530,아시아,일본
683,Nagoya(NGO),2021-06,2.30,2.30,2.30,2.30,2.30,아시아,일본
684,Nagoya(NGO),2021-05,2.30,2.30,2.30,2.30,2.30,아시아,일본
685,Nagoya(NGO),2021-04,2.30,2.30,2.30,2.30,2.30,아시아,일본
686,Nagoya(NGO),2021-03,2.30,2.30,2.30,2.30,2.30,아시아,일본
687,Nagoya(NGO),2021-02,2.20,2.20,2.20,2.20,2.20,아시아,일본
688,Nagoya(NGO),2021-01,2.20,2.20,2.20,2.20,2.20,아시아,일본
689,Nagoya(NGO),2020-12,2.20,2.20,2.20,2.20,2.20,아시아,일본
690,Nagoya(NGO),2020-11,1.70,1.40,1.20,1.20,1.20,아시아,일본
691,Nagoya(NGO),2020-10,1.70,1.40,1.20,1.20,1.20,아시아,일본
692,Nagoya(NGO),2020-09,1.70,1.40,1.20,1.20,1.20,아시아,일본
693,Nagoya(NGO),2020-08,1.95,1.60,1.40,1.40,1.40,아시아,일본
694,Nagoya(NGO),2020-07,1.95,1.60,1.40,1.40,1.40,아시아,일본
695,Nagoya(NGO),2020-06,1.95,1.60,1.40,1.40,1.40,아시아,일본
696,Nagoya(NGO),2020-05,2.15,1.80,1.60,1.60,1.60,아시아,일본
697,Nagoya(NGO),2020-04,2.15,1.80,1.60,1.60,1.60,아시아,일본
698,Nagoya(NGO),2020-03,2.00,1.65,1.45,1.45,1.45,아시아,일본
699,Nagoya(NGO),2020-02,2.00,1.65,1.45,1.45,1.45,아시아,일본
700,Nagoya(NGO),2020-01,1.70,1.30,1.20,1.20,1.20,아시아,일본
701,Nagoya(NGO),2019-12,1.70,1.30,1.20,1.20,1.20,아시아,일본
702,Nagoya(NGO),2019-11,1.80,1.35,1.25,1.25,1.25,아시아,일본
703,Nagoya(NGO),2019-10,1.80,1.35,1.25,1.25,1.25,아시아,일본
704,Nagoya(NGO),2019-09,1.80,1.35,1.25,1.25,1.25,아시아,일본
705,Nagoya(NGO),2019-08,1.80,1.35,1.25,1.25,1.25,아시아,일본
706,Nagoya(NGO),2019-07,1.80,1.35,1.25,1.25,1.25,아시아,일본
707,Nagoya(NGO),2019-06,1.70,1.20,1.20,1.20,1.20,아시아,일본
708,Nagoya(NGO),2019-05,1.70,1.20,1.20,1.20,1.20,아시아,일본
709,Nagoya(NGO),2019-04,1.70,1.20,1.20,1.20,1.20,아시아,일본
710,Nagoya(NGO),2019-03,1.70,1.20,1.20,1.20,1.20,아시아,일본
711,Nagoya(NGO),2019-02,1.70,1.20,1.20,1.20,1.20,아시아,일본
712,Nagoya(NGO),2019-01,1.60,1.10,1.10,1.10,1.10,아시아,일본
713,Nagoya(NGO),2018-12,1.60,1.10,1.10,1.10,1.10,아시아,일본
714,Nagoya(NGO),2018-11,1.70,1.20,1.20,1.20,1.20,아시아,일본
715,Nagoya(NGO),2018-10,1.60,1.10,1.10,1.10,1.10,아시아,일본
716,Nagoya(NGO),2018-09,1.60,1.10,1.10,1.10,1.10,아시아,일본
717,Nagoya(NGO),2018-08,1.38,1.09,1.09,1.09,1.09,아시아,일본
718,Nagoya(NGO),2018-07,1.33,1.04,1.04,1.04,1.04,아시아,일본
719,Nagoya(NGO),2018-06,1.33,1.04,1.04,1.04,1.04,아시아,일본
720,Nagoya(NGO),2018-05,1.38,1.09,1.09,1.09,1.09,아시아,일본
721,Nagoya(NGO),2018-04,1.33,1.04,1.04,1.04,1.04,아시아,일본
722,Nagoya(NGO),2018-03,1.33,1.04,1.04,1.04,1.04,아시아,일본
723,Nagoya(NGO),2018-02,1.33,1.04,1.04,1.04,1.04,아시아,일본
724,Nagoya(NGO),2018-01,1.33,1.04,1.04,1.04,1.04,아시아,일본
725,Frankfrut(FRA),2022-03,8.70,10.00,10.00,10.00,10.00,유럽,독일
726,Frankfrut(FRA),2022-02,8.70,10.00,10.00,10.00,10.00,유럽,독일
727,Frankfrut(FRA),2022-01,8.70,10.00,10.00,10.00,10.00,유럽,독일
728,Frankfrut(FRA),2021-12,8.700,10.000,10.000,10.000,10.000,유럽,독일
729,Frankfrut(FRA),2021-11,8.700,10.000,10.000,10.000,10.000,유럽,독일
730,Frankfrut(FRA),2021-10,8.700,10.000,10.000,10.000,10.000,유럽,독일
731,Frankfrut(FRA),2021-09,7.750,6.800,6.800,6.800,6.800,유럽,독일
732,Frankfrut(FRA),2021-08,7.750,6.800,6.800,6.800,6.800,유럽,독일
733,Frankfrut(FRA),2021-07,7.750,6.800,6.800,6.800,6.800,유럽,독일
734,Frankfrut(FRA),2021-06,7.75,6.80,6.80,6.80,6.80,유럽,독일
735,Frankfrut(FRA),2021-05,7.75,6.80,6.80,6.80,6.80,유럽,독일
736,Frankfrut(FRA),2021-04,7.75,6.80,6.80,6.80,6.80,유럽,독일
737,Frankfrut(FRA),2021-03,7.50,7.38,7.38,7.35,7.35,유럽,독일
738,Frankfrut(FRA),2021-02,7.50,7.38,7.38,7.35,7.35,유럽,독일
739,Frankfrut(FRA),2021-01,7.50,7.38,7.38,7.35,7.35,유럽,독일
740,Frankfrut(FRA),2020-12,7.50,7.38,7.38,7.35,7.35,유럽,독일
741,Frankfrut(FRA),2020-11,7.50,7.38,7.38,7.35,7.35,유럽,독일
742,Frankfrut(FRA),2020-10,5.35,5.10,4.93,4.91,4.91,유럽,독일
743,Frankfrut(FRA),2020-09,4.73,4.48,4.31,4.29,4.29,유럽,독일
744,Frankfrut(FRA),2020-08,4.25,3.88,3.63,3.60,3.60,유럽,독일
745,Frankfrut(FRA),2020-07,4.25,3.88,3.63,3.60,3.60,유럽,독일
746,Frankfrut(FRA),2020-06,4.25,3.88,3.63,3.60,3.60,유럽,독일
747,Frankfrut(FRA),2020-05,4.40,4.00,3.73,3.65,3.65,유럽,독일
748,Frankfrut(FRA),2020-04,4.40,4.00,3.73,3.65,3.65,유럽,독일
749,Frankfrut(FRA),2020-03,3.40,3.33,3.30,3.25,3.25,유럽,독일
750,Frankfrut(FRA),2020-02,3.09,3.04,3.00,2.94,2.91,유럽,독일
751,Frankfrut(FRA),2020-01,2.92,2.70,2.66,2.60,2.57,유럽,독일
752,Frankfrut(FRA),2019-12,2.98,2.76,2.72,2.65,2.63,유럽,독일
753,Frankfrut(FRA),2019-11,2.98,2.76,2.72,2.66,2.63,유럽,독일
754,Frankfrut(FRA),2019-10,2.97,2.75,2.70,2.64,2.62,유럽,독일
755,Frankfrut(FRA),2019-09,2.97,2.75,2.71,2.64,2.62,유럽,독일
756,Frankfrut(FRA),2019-08,2.73,2.51,2.46,2.40,2.38,유럽,독일
757,Frankfrut(FRA),2019-07,2.75,2.53,2.48,2.42,2.39,유럽,독일
758,Frankfrut(FRA),2019-06,3.28,3.03,2.99,2.95,2.90,유럽,독일
759,Frankfrut(FRA),2019-05,3.62,3.37,3.32,3.28,3.24,유럽,독일
760,Frankfrut(FRA),2019-04,3.68,3.43,3.38,3.34,3.30,유럽,독일
761,Frankfrut(FRA),2019-03,3.47,3.22,3.18,3.13,3.09,유럽,독일
762,Frankfrut(FRA),2019-02,3.70,3.45,3.41,3.36,3.32,유럽,독일
763,Frankfrut(FRA),2019-01,3.48,3.28,3.23,3.19,3.14,유럽,독일
764,Frankfrut(FRA),2018-12,3.92,3.72,3.67,3.63,3.58,유럽,독일
765,Frankfrut(FRA),2018-11,3.69,3.44,3.40,3.35,3.31,유럽,독일
766,Frankfrut(FRA),2018-10,3.46,3.26,3.22,3.17,3.13,유럽,독일
767,Frankfrut(FRA),2018-09,3.44,3.24,3.19,3.15,3.10,유럽,독일
768,Frankfrut(FRA),2018-08,3.55,3.22,3.10,3.07,3.04,유럽,독일
769,Frankfrut(FRA),2018-07,3.60,3.28,3.16,3.13,3.10,유럽,독일
770,Frankfrut(FRA),2018-06,3.57,3.25,3.13,3.10,3.07,유럽,독일
771,Frankfrut(FRA),2018-05,3.63,3.30,3.18,3.15,3.12,유럽,독일
772,Frankfrut(FRA),2018-04,3.63,3.30,3.18,3.15,3.12,유럽,독일
773,Frankfrut(FRA),2018-03,3.63,3.31,3.19,3.16,3.13,유럽,독일
774,Frankfrut(FRA),2018-02,3.59,3.27,3.15,3.12,3.08,유럽,독일
775,Frankfrut(FRA),2018-01,3.67,3.34,3.22,3.19,3.16,유럽,독일
776,Ho_Chi_Minh(SGN),2022-03,3.00,2.70,2.70,2.70,2.70,아시아,베트남
777,Ho_Chi_Minh(SGN),2022-02,3.00,2.70,2.70,2.70,2.70,아시아,베트남
778,Ho_Chi_Minh(SGN),2022-01,3.00,2.70,2.70,2.70,2.70,아시아,베트남
779,Ho_Chi_Minh(SGN),2021-12,3.000,2.700,2.700,2.700,2.700,아시아,베트남
780,Ho_Chi_Minh(SGN),2021-11,3.000,2.700,2.700,2.700,2.700,아시아,베트남
781,Ho_Chi_Minh(SGN),2021-10,3.000,2.700,2.700,2.700,2.700,아시아,베트남
782,Ho_Chi_Minh(SGN),2021-09,3.000,2.700,2.700,2.700,2.700,아시아,베트남
783,Ho_Chi_Minh(SGN),2021-08,3.000,2.700,2.700,2.700,2.700,아시아,베트남
784,Ho_Chi_Minh(SGN),2021-07,3.000,2.700,2.700,2.700,2.700,아시아,베트남
785,Ho_Chi_Minh(SGN),2021-06,3.00,2.70,2.70,2.70,2.70,아시아,베트남
786,Ho_Chi_Minh(SGN),2021-05,3.00,2.70,2.70,2.70,2.70,아시아,베트남
787,Ho_Chi_Minh(SGN),2021-04,3.00,2.70,2.70,2.70,2.70,아시아,베트남
788,Ho_Chi_Minh(SGN),2021-03,3.45,2.90,2.70,2.70,2.70,아시아,베트남
789,Ho_Chi_Minh(SGN),2021-02,3.45,2.90,2.70,2.70,2.70,아시아,베트남
790,Ho_Chi_Minh(SGN),2021-01,3.45,2.90,2.70,2.70,2.70,아시아,베트남
791,Ho_Chi_Minh(SGN),2020-12,3.45,2.90,2.70,2.70,2.70,아시아,베트남
792,Ho_Chi_Minh(SGN),2020-11,3.45,2.90,2.70,2.70,2.70,아시아,베트남
793,Ho_Chi_Minh(SGN),2020-10,3.42,3.05,2.81,2.80,2.80,아시아,베트남
794,Ho_Chi_Minh(SGN),2020-09,3.57,3.20,2.86,2.80,2.80,아시아,베트남
795,Ho_Chi_Minh(SGN),2020-08,3.45,2.90,2.70,2.70,2.70,아시아,베트남
796,Ho_Chi_Minh(SGN),2020-07,3.45,2.90,2.70,2.70,2.70,아시아,베트남
797,Ho_Chi_Minh(SGN),2020-06,3.45,2.90,2.70,2.70,2.70,아시아,베트남
798,Ho_Chi_Minh(SGN),2020-05,3.35,2.80,2.60,2.60,2.60,아시아,베트남
799,Ho_Chi_Minh(SGN),2020-04,3.35,2.80,2.60,2.60,2.60,아시아,베트남
800,Ho_Chi_Minh(SGN),2020-03,3.15,2.60,2.40,2.40,2.40,아시아,베트남
801,Ho_Chi_Minh(SGN),2020-02,2.62,2.26,2.11,2.09,2.08,아시아,베트남
802,Ho_Chi_Minh(SGN),2020-01,2.13,1.89,1.88,1.86,1.85,아시아,베트남
803,Ho_Chi_Minh(SGN),2019-12,2.16,1.92,1.91,1.89,1.88,아시아,베트남
804,Ho_Chi_Minh(SGN),2019-11,1.96,1.79,1.78,1.76,1.75,아시아,베트남
805,Ho_Chi_Minh(SGN),2019-10,1.95,1.78,1.77,1.75,1.74,아시아,베트남
806,Ho_Chi_Minh(SGN),2019-09,1.92,1.75,1.74,1.73,1.71,아시아,베트남
807,Ho_Chi_Minh(SGN),2019-08,1.91,1.74,1.73,1.71,1.70,아시아,베트남
808,Ho_Chi_Minh(SGN),2019-07,1.92,1.76,1.74,1.73,1.71,아시아,베트남
809,Ho_Chi_Minh(SGN),2019-06,2.22,1.95,1.94,1.93,1.91,아시아,베트남
810,Ho_Chi_Minh(SGN),2019-05,2.22,1.95,1.94,1.92,1.91,아시아,베트남
811,Ho_Chi_Minh(SGN),2019-04,2.27,2.00,1.99,1.97,1.96,아시아,베트남
812,Ho_Chi_Minh(SGN),2019-03,2.27,2.01,1.99,1.98,1.96,아시아,베트남
813,Ho_Chi_Minh(SGN),2019-02,2.34,2.07,2.04,2.01,1.98,아시아,베트남
814,Ho_Chi_Minh(SGN),2019-01,2.32,2.06,2.03,2.00,1.97,아시아,베트남
815,Ho_Chi_Minh(SGN),2018-12,2.31,2.04,2.03,2.01,2.00,아시아,베트남
816,Ho_Chi_Minh(SGN),2018-11,2.30,2.04,2.02,2.01,1.99,아시아,베트남
817,Ho_Chi_Minh(SGN),2018-10,2.27,2.01,1.99,1.98,1.96,아시아,베트남
818,Ho_Chi_Minh(SGN),2018-09,2.28,2.01,2.00,1.98,1.97,아시아,베트남
819,Ho_Chi_Minh(SGN),2018-08,2.22,1.96,1.95,1.93,1.92,아시아,베트남
820,Ho_Chi_Minh(SGN),2018-07,2.19,1.93,1.91,1.90,1.88,아시아,베트남
821,Ho_Chi_Minh(SGN),2018-06,2.20,1.94,1.93,1.91,1.90,아시아,베트남
822,Ho_Chi_Minh(SGN),2018-05,2.25,1.99,1.97,1.96,1.94,아시아,베트남
823,Ho_Chi_Minh(SGN),2018-04,2.25,1.99,1.96,1.93,1.90,아시아,베트남
824,Ho_Chi_Minh(SGN),2018-03,2.30,2.04,2.01,1.98,1.95,아시아,베트남
825,Ho_Chi_Minh(SGN),2018-02,2.27,2.02,1.99,1.96,1.92,아시아,베트남
826,Ho_Chi_Minh(SGN),2018-01,2.31,2.06,2.04,2.03,2.01,아시아,베트남
827,Penang(PEN),2022-03,3.40,3.40,3.40,3.40,3.40,아시아,말레이시아
828,Penang(PEN),2022-02,3.40,3.40,3.40,3.40,3.40,아시아,말레이시아
829,Penang(PEN),2022-01,3.40,3.40,3.40,3.40,3.40,아시아,말레이시아
830,Penang(PEN),2021-12,3.400,3.400,3.400,3.400,3.400,아시아,말레이시아
831,Penang(PEN),2021-11,3.400,3.400,3.400,3.400,3.400,아시아,말레이시아
832,Penang(PEN),2021-10,3.400,3.400,3.400,3.400,3.400,아시아,말레이시아
833,Penang(PEN),2021-09,3.400,3.400,3.400,3.400,3.400,아시아,말레이시아
834,Penang(PEN),2021-08,3.400,3.400,3.400,3.400,3.400,아시아,말레이시아
835,Penang(PEN),2021-07,3.400,3.400,3.400,3.400,3.400,아시아,말레이시아
836,Penang(PEN),2021-06,3.40,3.40,3.40,3.40,3.40,아시아,말레이시아
837,Penang(PEN),2021-05,3.40,3.40,3.40,3.40,3.40,아시아,말레이시아
838,Penang(PEN),2021-04,3.40,3.40,3.40,3.40,3.40,아시아,말레이시아
839,Penang(PEN),2021-03,3.40,3.00,2.80,2.80,2.80,아시아,말레이시아
840,Penang(PEN),2021-02,3.40,3.00,2.80,2.80,2.80,아시아,말레이시아
841,Penang(PEN),2021-01,3.40,3.00,2.80,2.80,2.80,아시아,말레이시아
842,Penang(PEN),2020-12,3.40,3.00,2.80,2.80,2.80,아시아,말레이시아
843,Penang(PEN),2020-11,3.40,3.00,2.80,2.80,2.80,아시아,말레이시아
844,Penang(PEN),2020-10,3.40,3.00,2.80,2.80,2.80,아시아,말레이시아
845,Penang(PEN),2020-09,3.40,3.00,2.80,2.80,2.80,아시아,말레이시아
846,Penang(PEN),2020-08,3.40,3.00,2.80,2.80,2.80,아시아,말레이시아
847,Penang(PEN),2020-07,3.40,3.00,2.80,2.80,2.80,아시아,말레이시아
848,Penang(PEN),2020-06,3.40,3.00,2.80,2.80,2.80,아시아,말레이시아
849,Penang(PEN),2020-05,3.50,3.00,3.00,3.00,3.00,아시아,말레이시아
850,Penang(PEN),2020-04,3.50,3.00,3.00,3.00,3.00,아시아,말레이시아
851,Penang(PEN),2020-03,3.40,2.90,2.90,2.90,2.90,아시아,말레이시아
852,Penang(PEN),2020-02,2.90,2.80,2.80,2.80,2.80,아시아,말레이시아
853,Penang(PEN),2020-01,2.45,2.10,2.10,2.10,2.10,아시아,말레이시아
854,Penang(PEN),2019-12,2.45,2.10,2.10,2.10,2.10,아시아,말레이시아
855,Penang(PEN),2019-11,3.10,2.55,2.35,2.35,2.35,아시아,말레이시아
856,Penang(PEN),2019-10,3.10,2.55,2.35,2.35,2.35,아시아,말레이시아
857,Penang(PEN),2019-09,3.10,2.55,2.35,2.35,2.35,아시아,말레이시아
858,Penang(PEN),2019-08,3.10,2.55,2.35,2.35,2.35,아시아,말레이시아
859,Penang(PEN),2019-07,3.10,2.55,2.35,2.35,2.35,아시아,말레이시아
860,Penang(PEN),2019-06,2.70,2.20,2.20,2.20,2.20,아시아,말레이시아
861,Penang(PEN),2019-05,2.70,2.20,2.20,2.20,2.20,아시아,말레이시아
862,Penang(PEN),2019-04,2.70,2.20,2.20,2.20,2.20,아시아,말레이시아
863,Penang(PEN),2019-03,2.70,2.20,2.20,2.20,2.20,아시아,말레이시아
864,Penang(PEN),2019-02,2.70,2.20,2.20,2.20,2.20,아시아,말레이시아
865,Penang(PEN),2019-01,2.70,2.20,2.20,2.20,2.20,아시아,말레이시아
866,Penang(PEN),2018-12,2.70,2.20,2.20,2.20,2.20,아시아,말레이시아
867,Penang(PEN),2018-11,2.70,2.20,2.20,2.20,2.20,아시아,말레이시아
868,Penang(PEN),2018-10,2.70,2.20,2.20,2.20,2.20,아시아,말레이시아
869,Penang(PEN),2018-09,2.70,2.20,2.20,2.20,2.20,아시아,말레이시아
870,Penang(PEN),2018-08,2.32,2.01,2.01,2.01,2.01,아시아,말레이시아
871,Penang(PEN),2018-07,2.27,1.96,1.96,1.96,1.96,아시아,말레이시아
872,Penang(PEN),2018-06,2.27,1.96,1.96,1.96,1.96,아시아,말레이시아
873,Penang(PEN),2018-05,2.32,2.01,2.01,2.01,2.01,아시아,말레이시아
874,Penang(PEN),2018-04,2.27,1.96,1.96,1.96,1.96,아시아,말레이시아
875,Penang(PEN),2018-03,2.27,1.96,1.96,1.96,1.96,아시아,말레이시아
876,Penang(PEN),2018-02,2.27,1.96,1.96,1.96,1.96,아시아,말레이시아
877,Penang(PEN),2018-01,2.27,1.96,1.96,1.96,1.96,아시아,말레이시아
878,Kuala_Lumpur(KUL),2022-03,4.75,4.75,4.75,4.75,4.75,아시아,말레이시아
879,Kuala_Lumpur(KUL),2022-02,4.75,4.75,4.75,4.75,4.75,아시아,말레이시아
880,Kuala_Lumpur(KUL),2022-01,4.75,4.75,4.75,4.75,4.75,아시아,말레이시아
881,Kuala_Lumpur(KUL),2021-12,4.750,4.750,4.750,4.750,4.750,아시아,말레이시아
882,Kuala_Lumpur(KUL),2021-11,4.750,4.750,4.750,4.750,4.750,아시아,말레이시아
883,Kuala_Lumpur(KUL),2021-10,4.750,4.750,4.750,4.750,4.750,아시아,말레이시아
884,Kuala_Lumpur(KUL),2021-09,4.750,4.750,4.750,4.750,4.750,아시아,말레이시아
885,Kuala_Lumpur(KUL),2021-08,4.750,4.750,4.750,4.750,4.750,아시아,말레이시아
886,Kuala_Lumpur(KUL),2021-07,4.750,4.750,4.750,4.750,4.750,아시아,말레이시아
887,Kuala_Lumpur(KUL),2021-06,3.40,3.40,3.40,3.40,3.40,아시아,말레이시아
888,Kuala_Lumpur(KUL),2021-05,3.40,3.40,3.40,3.40,3.40,아시아,말레이시아
889,Kuala_Lumpur(KUL),2021-04,3.40,3.40,3.40,3.40,3.40,아시아,말레이시아
890,Kuala_Lumpur(KUL),2021-03,3.40,3.00,2.80,2.80,2.80,아시아,말레이시아
891,Kuala_Lumpur(KUL),2021-02,3.40,3.00,2.80,2.80,2.80,아시아,말레이시아
892,Kuala_Lumpur(KUL),2021-01,3.40,3.00,2.80,2.80,2.80,아시아,말레이시아
893,Kuala_Lumpur(KUL),2020-12,3.40,3.00,2.80,2.80,2.80,아시아,말레이시아
894,Kuala_Lumpur(KUL),2020-11,3.40,3.00,2.80,2.80,2.80,아시아,말레이시아
895,Kuala_Lumpur(KUL),2020-10,3.40,3.00,2.80,2.80,2.80,아시아,말레이시아
896,Kuala_Lumpur(KUL),2020-09,3.40,3.00,2.80,2.80,2.80,아시아,말레이시아
897,Kuala_Lumpur(KUL),2020-08,3.40,3.00,2.80,2.80,2.80,아시아,말레이시아
898,Kuala_Lumpur(KUL),2020-07,3.40,3.00,2.80,2.80,2.80,아시아,말레이시아
899,Kuala_Lumpur(KUL),2020-06,3.40,3.00,2.80,2.80,2.80,아시아,말레이시아
900,Kuala_Lumpur(KUL),2020-05,4.45,3.65,3.65,3.65,3.65,아시아,말레이시아
901,Kuala_Lumpur(KUL),2020-04,4.45,3.65,3.65,3.65,3.65,아시아,말레이시아
902,Kuala_Lumpur(KUL),2020-03,4.35,3.55,3.55,3.55,3.55,아시아,말레이시아
903,Kuala_Lumpur(KUL),2020-02,3.85,3.55,3.55,3.55,3.55,아시아,말레이시아
904,Kuala_Lumpur(KUL),2020-01,2.40,1.95,1.95,1.95,1.95,아시아,말레이시아
905,Kuala_Lumpur(KUL),2019-12,2.40,1.95,1.95,1.95,1.95,아시아,말레이시아
906,Kuala_Lumpur(KUL),2019-11,2.33,1.75,1.75,1.75,1.75,아시아,말레이시아
907,Kuala_Lumpur(KUL),2019-10,2.33,1.75,1.75,1.75,1.75,아시아,말레이시아
908,Kuala_Lumpur(KUL),2019-09,2.33,1.75,1.75,1.75,1.75,아시아,말레이시아
909,Kuala_Lumpur(KUL),2019-08,2.33,1.75,1.75,1.75,1.75,아시아,말레이시아
910,Kuala_Lumpur(KUL),2019-07,2.33,1.75,1.75,1.75,1.75,아시아,말레이시아
911,Kuala_Lumpur(KUL),2019-06,2.80,2.30,2.30,2.30,2.30,아시아,말레이시아
912,Kuala_Lumpur(KUL),2019-05,2.80,2.30,2.30,2.30,2.30,아시아,말레이시아
913,Kuala_Lumpur(KUL),2019-04,2.80,2.30,2.30,2.30,2.30,아시아,말레이시아
914,Kuala_Lumpur(KUL),2019-03,2.80,2.30,2.30,2.30,2.30,아시아,말레이시아
915,Kuala_Lumpur(KUL),2019-02,2.80,2.30,2.30,2.30,2.30,아시아,말레이시아
916,Kuala_Lumpur(KUL),2019-01,2.80,2.30,2.30,2.30,2.30,아시아,말레이시아
917,Kuala_Lumpur(KUL),2018-12,2.80,2.30,2.30,2.30,2.30,아시아,말레이시아
918,Kuala_Lumpur(KUL),2018-11,2.80,2.30,2.30,2.30,2.30,아시아,말레이시아
919,Kuala_Lumpur(KUL),2018-10,2.80,2.30,2.30,2.30,2.30,아시아,말레이시아
920,Kuala_Lumpur(KUL),2018-09,2.80,2.30,2.30,2.30,2.30,아시아,말레이시아
921,Kuala_Lumpur(KUL),2018-08,2.42,2.06,2.06,2.06,2.06,아시아,말레이시아
922,Kuala_Lumpur(KUL),2018-07,2.37,2.01,2.01,2.01,2.01,아시아,말레이시아
923,Kuala_Lumpur(KUL),2018-06,2.37,2.01,2.01,2.01,2.01,아시아,말레이시아
924,Kuala_Lumpur(KUL),2018-05,2.42,2.06,2.06,2.06,2.06,아시아,말레이시아
925,Kuala_Lumpur(KUL),2018-04,2.37,2.01,2.01,2.01,2.01,아시아,말레이시아
926,Kuala_Lumpur(KUL),2018-03,2.37,2.01,2.01,2.01,2.01,아시아,말레이시아
927,Kuala_Lumpur(KUL),2018-02,2.37,2.01,2.01,2.01,2.01,아시아,말레이시아
928,Kuala_Lumpur(KUL),2018-01,2.37,2.01,2.01,2.01,2.01,아시아,말레이시아
929,Singapore(SIN),2022-03,4.35,4.25,4.25,4.25,4.25,아시아,싱가포르
930,Singapore(SIN),2022-02,4.35,4.25,4.25,4.25,4.25,아시아,싱가포르
931,Singapore(SIN),2022-01,4.35,4.25,4.25,4.25,4.25,아시아,싱가포르
932,Singapore(SIN),2021-12,4.350,4.250,4.250,4.250,4.250,아시아,싱가포르
933,Singapore(SIN),2021-11,4.350,4.250,4.250,4.250,4.250,아시아,싱가포르
934,Singapore(SIN),2021-10,4.350,4.250,4.250,4.250,4.250,아시아,싱가포르
935,Singapore(SIN),2021-09,4.350,4.250,4.250,4.250,4.250,아시아,싱가포르
936,Singapore(SIN),2021-08,4.400,4.300,4.300,4.300,4.300,아시아,싱가포르
937,Singapore(SIN),2021-07,4.400,4.300,4.300,4.300,4.300,아시아,싱가포르
938,Singapore(SIN),2021-06,3.90,3.80,3.75,3.75,3.75,아시아,싱가포르
939,Singapore(SIN),2021-05,3.90,3.80,3.75,3.75,3.75,아시아,싱가포르
940,Singapore(SIN),2021-04,3.90,3.80,3.75,3.75,3.75,아시아,싱가포르
941,Singapore(SIN),2021-03,3.25,3.00,2.90,2.90,2.90,아시아,싱가포르
942,Singapore(SIN),2021-02,3.25,3.00,2.90,2.90,2.90,아시아,싱가포르
943,Singapore(SIN),2021-01,3.25,3.00,2.90,2.90,2.90,아시아,싱가포르
944,Singapore(SIN),2020-12,3.25,3.00,2.90,2.90,2.90,아시아,싱가포르
945,Singapore(SIN),2020-11,3.40,3.00,2.80,2.80,2.80,아시아,싱가포르
946,Singapore(SIN),2020-10,3.40,3.00,2.80,2.80,2.80,아시아,싱가포르
947,Singapore(SIN),2020-09,3.40,3.00,2.80,2.80,2.80,아시아,싱가포르
948,Singapore(SIN),2020-08,3.25,3.00,2.90,2.90,2.90,아시아,싱가포르
949,Singapore(SIN),2020-07,3.25,3.00,2.90,2.90,2.90,아시아,싱가포르
950,Singapore(SIN),2020-06,3.25,3.00,2.90,2.90,2.90,아시아,싱가포르
951,Singapore(SIN),2020-05,3.58,2.55,2.45,2.45,2.45,아시아,싱가포르
952,Singapore(SIN),2020-04,3.58,2.55,2.45,2.45,2.45,아시아,싱가포르
953,Singapore(SIN),2020-03,3.48,2.20,2.10,2.10,2.10,아시아,싱가포르
954,Singapore(SIN),2020-02,3.48,2.20,2.10,2.10,2.10,아시아,싱가포르
955,Singapore(SIN),2020-01,1.85,1.55,1.55,1.55,1.55,아시아,싱가포르
956,Singapore(SIN),2019-12,1.85,1.55,1.55,1.55,1.55,아시아,싱가포르
957,Singapore(SIN),2019-11,1.90,1.33,1.33,1.33,1.33,아시아,싱가포르
958,Singapore(SIN),2019-10,1.90,1.33,1.33,1.33,1.33,아시아,싱가포르
959,Singapore(SIN),2019-09,1.90,1.33,1.33,1.33,1.33,아시아,싱가포르
960,Singapore(SIN),2019-08,1.90,1.33,1.33,1.33,1.33,아시아,싱가포르
961,Singapore(SIN),2019-07,1.90,1.33,1.33,1.33,1.33,아시아,싱가포르
962,Singapore(SIN),2019-06,2.20,1.70,1.70,1.70,1.70,아시아,싱가포르
963,Singapore(SIN),2019-05,2.20,1.70,1.70,1.70,1.70,아시아,싱가포르
964,Singapore(SIN),2019-04,2.20,1.70,1.70,1.70,1.70,아시아,싱가포르
965,Singapore(SIN),2019-03,2.20,1.70,1.70,1.70,1.70,아시아,싱가포르
966,Singapore(SIN),2019-02,2.20,1.70,1.70,1.70,1.70,아시아,싱가포르
967,Singapore(SIN),2019-01,2.20,1.70,1.70,1.70,1.70,아시아,싱가포르
968,Singapore(SIN),2018-12,2.20,1.70,1.70,1.70,1.70,아시아,싱가포르
969,Singapore(SIN),2018-11,2.20,1.70,1.70,1.70,1.70,아시아,싱가포르
970,Singapore(SIN),2018-10,2.20,1.70,1.70,1.70,1.70,아시아,싱가포르
971,Singapore(SIN),2018-09,2.20,1.70,1.70,1.70,1.70,아시아,싱가포르
972,Singapore(SIN),2018-08,1.84,1.51,1.51,1.51,1.51,아시아,싱가포르
973,Singapore(SIN),2018-07,1.79,1.46,1.46,1.46,1.46,아시아,싱가포르
974,Singapore(SIN),2018-06,1.79,1.46,1.46,1.46,1.46,아시아,싱가포르
975,Singapore(SIN),2018-05,1.84,1.51,1.51,1.51,1.51,아시아,싱가포르
976,Singapore(SIN),2018-04,1.79,1.46,1.46,1.46,1.46,아시아,싱가포르
977,Singapore(SIN),2018-03,1.79,1.46,1.46,1.46,1.46,아시아,싱가포르
978,Singapore(SIN),2018-02,1.79,1.46,1.46,1.46,1.46,아시아,싱가포르
979,Singapore(SIN),2018-01,1.79,1.46,1.46,1.46,1.46,아시아,싱가포르
